full_name,target,potential
Fernando Francisco Reges,1,1
Mark Sykes,0,0
Sami Al Khaibari,0,0
Arkadiusz Piech,0,0
Łukasz Sapela,0,0
Isaac Pearce,0,0
Rob Holding,1,2
Danilo Luís Hélio Pereira,2,2
Juan Carlos Moreno Rojo,0,0
Lewis Alessandra,0,0
Thomas Meunier,2,2
Anthony Georgiou,0,0
Jakub Osobiński,0,0
정운 Woon Jeong,0,0
Stan van Dijck,0,0
Luca Rigoni,0,0
Leigh Broxham,0,0
Benjamin Bourigeaud,1,1
Simon Thern,0,0
Stefan Kulovits,0,0
Shamit Shome,0,0
Sergiu Cătălin Hanca,0,0
Renê Ferreira dos Santos,0,0
Federico Milo,0,0
Sebastian Neumann,0,0
Barry Fuller,0,0
Patrick Berg,0,0
Carlos Acevedo López,1,1
Jorge Díaz Price,1,1
Martín Montoya Torralbo,1,1
Luis Ernesto Pérez Martínez,0,0
Ronaldo Prieto,0,0
Dayotchanculle Upamecano,2,2
Denzel Dumfries,1,1
Ivar Sollie Rønning,0,0
Barış Yardımcı,0,0
Ricardo Antonio Escobar Acuña,0,0
Kristoffer Haraldseid,0,0
Bryan Paul Carrasco Santos,0,0
Jake Adelson,0,0
Alberto Zapater Arjol,0,0
Miguel Ángel Medina Asprilla,0,0
Javier Fuego Martínez,1,1
Erwin Zelazny,0,0
John Martin,0,0
Davide Calabria,2,2
Ilias Chair,0,0
Anderson Souza Conceição,2,2
初瀬 亮,0,0
Rubén Alcaraz Jiménez,0,0
Adam Marušić,1,1
Patrick Ziegler,0,0
Niklas Busch Thor,0,0
Markus Schubert,1,1
Kaíque Osvaldo Castro Rodrigues,0,0
Luís Miguel Lopes Mendes,0,0
Gianluca Zanette,0,0
Terence Owen Vancooten,0,0
Robert Snodgrass,0,0
Noble Okello,0,0
Matthieu Sans,0,0
Diego Santiago Fagúndez Pepe,1,1
Julien Féret,0,0
George Honeyman,0,0
Omar Al Soma,1,1
Francesco Rossi,0,0
Maximilian Reule,0,0
Hannes Þór Halldórsson,0,0
Jan Morávek,0,0
Dimitri Mohamed,0,0
Daniel Adshead,1,1
Emanuel Vignato,1,1
Pablo Edson Barrera Acosta,0,0
Omar Nicolás Govea García,1,1
김수안 金勇辰,0,0
Enzo Francesco Guerrero Segovia,0,0
Mats Solheim,0,0
Gianluca Caprari,1,1
Scott Hogan,0,0
Antonio Mance,1,0
Wilmar Santiago Londoño Ruiz,0,0
Daniel Pik,0,0
Gregor Kobel,1,1
Raúl Rodríguez Navas,0,0
Iván Alejo Peralta,1,1
Julián Omar Ramos Suárez,0,0
Gil Bastião Dias,1,1
Daniele Baselli,1,1
Jordan Adéoti,0,0
Connor McLennan,1,1
Tim Leibold,1,0
吴曦,0,0
Daniel Martín Fernández,1,1
Kearyn Baccus,0,0
Karim Hafez  Ramadan,0,0
Justin Morrow,0,0
Phillip Menzel,0,0
Anthony Syhre,0,0
Pedro Eliezer Rodríguez Ledesma,1,1
Ryan Leonard,0,0
Senad Jarovic,0,0
Tiago Pagnussat,0,0
車屋 紳太郎,0,0
Miguel Ángel Martínez,0,0
Karlan Grant,1,1
Lisandro Martínez,1,1
Mart Janssen,0,0
Žarko Tomašević,0,0
Luiz Philipe Lima de Oliveira,0,0
David Andrés Camacho Valencia,0,0
Mislav Oršić,0,0
Patrick Friday Eze,0,0
Israel Peter,0,0
Thomas Agyepong,0,0
Sébastien Aymar Bassong Nguena,0,0
Mario Sebastián Viera Galain,0,0
Mitchell Clark,0,0
Pedro José  da Silva Trigueira,0,0
Ángel Melo Labrín,0,0
Mark Howard,0,0
Nicolás Pasquini,0,0
Thibault De Smet,0,0
Brayan Antonio Beckeles,0,0
Edvaldo Flávio Rebelo de Freit,0,0
Bartłomiej Urbański,0,0
Marlon da Silva Barbosa,1,1
李成龙,0,0
Moritz Broschinski,0,0
Albie Morgan,0,0
Marco Lund,0,0
遠藤 渓太,0,0
Gedson Carvalho Fernandes,2,2
Maxime Pélican,0,0
Sultan Abdullah Al Ghannam,0,0
Azzeddine Doukha,0,0
Felix Mambimbi,0,0
Kieran Trippier,1,1
Jakub Miszczuk,0,0
Federico Vicente Lanzillota,0,0
Agustín Almendra,1,2
西川 周作,0,0
朱佳毅,0,0
Finn Dahmen,0,0
Ronald de la Fuente,0,0
Alan Patrick Lourenço,0,0
Necip Uysal,0,0
Lee Peltier,0,0
Yevhen Konoplyanka,1,1
Daniel Anyembe,0,0
Jake Livermore,0,0
Callum Brittain,0,1
Haris Duljević,0,0
Atdhe Nuhiu,0,0
Eduard Bello,1,0
Camillo Ciano,0,0
Daniele Verde,1,1
Mattia Finotto,0,0
Luke Singh,0,0
Lukas Krüger,0,0
Álvaro Vadillo Cifuentes,1,1
Rosario Enrique Cota Carrazco,0,0
浅野 佐藤,0,0
Hussein El Sayed,0,0
Steve Arnold,0,0
Sebastian Walukiewicz,1,0
朱宝杰,0,0
Omar Richards,1,1
Ibrahim Meite,0,0
Roman Bezjak,0,0
Michael Folivi,0,0
Mirlind Kryeziu,0,0
Fernando Daniel  Brandán,0,0
Markus Schwabl,0,0
Lukas Nmecha,1,2
金泰延,0,0
Paweł Dawidowicz,0,1
Uğur Çiftçi,0,0
Michael Rose,0,0
Luis Marcelo Salas Candia,0,0
정우재 郑宇宰,0,0
Johan Bertilsson,0,0
Heltinho Melo Chaves,0,0
Mouhamadou-Naby Sarr,0,0
Nemanja Rnić,0,0
Anthony Modeste,1,1
Sebastián Macías Correa,0,0
Manuel Gibran Lajud Bojalil,1,0
金子 翔太,1,1
Collin Quaner,0,0
Ivan Fiolić,1,1
Peniel Kokou Mlapa,0,0
Zsolt Korcsmár,0,0
Leonardo Bonucci,2,2
Carlos Gustavo David Quintana,0,0
Khuwailed Al Mozaibri,0,0
Yann Karamoh,2,2
Arsénio Martins Lafuente Nunes,0,0
Agustín Mansilla,0,0
Juan Hernández García,0,0
Simon Rhein,0,0
Sandro Lauper,0,0
Kevin Stuhr-Ellegaard,0,0
Sverrir Ingi Ingason,1,1
Thomas Meißner,0,0
François Bellugou,0,0
Pedro Campos,1,1
Bernard Gabriel Prestão Chaves,1,1
Mohamed Diamé,0,0
Gian-Luca Itter,1,2
고태원 高兑沅,0,0
Alexandre Troffa,0,0
Stefan Schimmer,0,0
Francisco José Serrano Santos,0,0
Vladimir Rodić,0,0
Cameron John,0,0
Christian Maghoma,0,0
Radosław Majewski,0,0
Rene Antonio Melendez Plaza,1,1
Jacopo Dall'Oglio,0,0
Mason Bennett,1,1
Brek Shea,0,0
Hugo Lloris,2,2
Jacob Barrett Laursen,0,0
Nilson David Castrillón Burbano,0,0
杜震宇,0,0
Joaquín Correa,2,2
Ali Adnan,0,0
Vasco Herculano Salgado Cunha Mango Fernandes,0,0
Gonzalo Renzo Vera,0,0
Joe Sbarra,0,0
Steven De Petter,0,0
富田 晋伍,0,0
Niall Mason,0,0
Abdulwahab Jafar,0,0
Álvaro Sebastián Ramos Sepúlveda,0,0
Yusupha Njie,0,0
Vaso Vasić,0,0
Christian Bickel,0,0
Rani Khedira,1,1
Omari Patrick,0,0
Francesco Russo,0,0
Ionuț Cristian Săpunaru,0,0
Alfie Jones,0,0
Scott Neville,0,0
Tom De Sutter,0,0
Matěj Vydra,0,0
Eduardo Henrique da Silva,1,1
Mohamed Maouche,0,0
Elliot Embleton,1,0
Juan Aguilera Aguilera Núñez,0,0
胡延强,0,0
Samir  Carruthers,0,0
Justin Hoogma,1,1
Matt Tootle,0,0
Michael Jordan Williams,0,0
Onni Valakari,0,0
Soslan Dzhanaev,0,0
André Dej,0,0
Fernando Bersano,0,0
Fábio Diogo Agrela Ferreira,0,0
Abdulrahman Al Dakheel,0,0
Adrian Gryszkiewicz,0,0
Pedro De la Vega,2,2
Callum Wright,1,1
Mathieu Bodmer,0,0
George Ray,0,0
Cian Maher,0,0
Kevin Kabran,0,0
Adam Andersson,0,0
Jhonnattann Benites da Conceiçao,0,0
Vito van Crooij,0,0
Marc McNulty,0,0
Germán Andrés Conti,1,1
Leon Goretzka,2,2
Alex Silva,0,0
Conor  Coady,1,1
奥田 達朗,0,0
Marco Ilaimaharitra,1,1
Will Johnson,0,0
Nicola Leali,0,0
Rodney Kongolo,0,0
Agustín Bouzat,0,0
Marc Wilson,0,0
David Brooks,2,2
Jefferson Andrés Duque Montoya,0,0
Bruno Caldini Perone,0,0
Chris Kane,0,0
Hugo Ayala Castro,0,0
Frédéric Sammaritano,0,0
Alex Penny,0,0
Jarno Abbel,0,0
Borja Viguera Manzanares,0,0
Lorenzo Insigne,2,2
Lloyd Isgrove,0,0
Scott Bennett,0,0
Marlon Hairston,0,0
Erik Gliha,0,0
황석호 黄锡浩,0,0
Kevin Lasagna,1,1
Sergio Leonel Agüero del Castillo,2,2
James Jones,0,0
Franco Lobos,0,0
Conor Washington,0,0
Jhon Vásquez,0,0
Nicky Devlin,0,0
Simeon Tochukwu Nwankwo,0,0
Tom van de Looi,1,1
Justin Möbius,0,0
George Cox,0,0
Tre Pemberton,0,1
Tristan Abrahams,0,0
Marcin Cebula,0,0
Benjamín Cam,0,0
Javier Martínez Aginaga,2,2
Thomas Gebauer,0,0
Nabil Bentaleb,2,2
Jonathan Amon,1,1
Konan Gilles Fofana,0,0
Filip Mladenović,0,0
Abdullah Al Meqran,0,0
Kolbeinn Finnsson,0,0
Simon Thorup Kjær,1,1
Martin Hinteregger,1,1
Mykyta Burda,1,1
Hakan Özmert,0,0
Rasmus Bengtsson,0,0
Delvin N’Dinga,0,0
Jhonatan Luiz da Siqueira,0,0
Xavier Chavalerin,0,0
Tim Knipping,0,0
Tobias Lauritsen,0,0
Tang Chen,0,0
Pablo Hernández Domínguez,0,0
Daniel Ignacio Malhue Toro,0,0
大久保 択生,0,0
George Dobson,0,0
Chaouki Ben Saada,0,0
Erik Zenga,0,0
José Antonio Cobián,0,0
Juan Eduardo Fuentes Jiménez,1,1
Oliver Drost,0,0
Mirko Drudi,0,0
Maurice Čović,0,0
Eric Dier,2,2
Luis Sinisterra,1,1
Delphin Tshiembe,0,0
Sergio Javier Vittor,0,0
Dru Yearwood,1,1
Maximiliano Lovera,1,1
Antonio Latorre Grueso,1,1
James Shea,0,0
Luiz Fernando da Silva Monte,0,0
市丸 瑞希,0,0
Alessandro Micai,0,0
Román Fernando  Martínez,0,0
宮本 俊明,0,0
Thiago Rangel Cionek,0,0
Alexander Domínguez Carabalí,0,0
Evert Linthorst,0,0
丁博威,0,0
Javier Almerge Viñuales,0,0
Santiago Mina Lorenzo,2,2
Welington Kauê Dano Nascimento,1,1
Vincent Manceau,0,0
Adama Guira,0,0
Michael Smith,0,0
Rogério Oliveira da Silva,2,2
Henri Wilder,0,0
Bacary Sagna,0,0
Delano Grootenhuis,0,0
Marcos Paulo Mesquita Lopes,2,2
Nikola Petric,0,0
Joe Davis,0,0
Luis Valcarce Vidal,0,0
Iván Santillán,0,0
Ezri Konsa,1,1
Matteo Scozzarella,0,0
赵宇豪,0,0
Jelle van Benthem,0,0
Rouven Sattelmaier,0,0
Bartosz Bereszyński,0,1
Victor Moses,1,1
Emidio Dener Hoffman Vaz,0,0
William Vitved Kvist Jørgensen,0,0
Nicolas Penneteau,0,0
오승훈 吴舜洪,0,0
Simen Kind Mikalsen,0,0
Josip Mišić,1,1
Nicolas Lüchinger,0,0
Doneil Henry,0,0
Luka Modrić,2,2
周挺,0,0
中川 梭,0,0
Jérémy Choplin,0,0
Reece Brown,0,0
Rashad Muhammed,0,0
Jacson João Zonta Filho,0,0
Yevhen Makarenko,0,0
蔡浩健,0,0
Bashkim Kadrii,0,0
Andrei Ivan,1,0
Aitor García Flores,1,0
Kingsley Pele van Anholt,0,0
Jérémy Ménez,0,0
Jesus Fabrício Andrade Simões,0,0
Dean Parrett,0,0
Alejandro Fernández Iglesias,0,0
Tommy Thompson,0,0
Paxton Pomykal,1,1
Jorge Mier Martínez,1,0
양동현 梁东炫,0,0
Sven Ulreich,1,1
Albert Alejandro Acevedo Vergara,0,0
Juan Daniel Forlín,0,0
Ibrahima Coulibaly,0,0
Salvador José Milhazes Agra,0,0
Hugo Isaac Rodríguez De La O,0,0
Robin Koch,1,1
Safi Al Zaqati,0,0
Fábio Henrique Tavares,2,2
古橋 亨梧,0,0
Eoin Toal,0,0
张稀哲,0,0
Dejan Ljubicic,1,1
Gustavo Lucas Domingues Piazon,0,0
Ande Dona N'Doh,0,0
Roberto Ismael Meraz Bernal,0,0
Carlos Andrés Ramírez Aguirre,0,0
Lucas Cueto,0,0
Jonathan Clauss,0,0
Paul Jones,0,0
Alan Mannus,0,0
Axel Björnström,0,0
Sultan Mohammed Al Masrahi,0,0
天野 纯,0,0
東口 順昭,0,0
Simon Banza,0,0
Clint Leemans,0,0
Filip Đuričić,0,0
Thiago Claudnei Almeida Reis,0,0
Neil Taylor,0,0
Louis John,0,0
김한빈 金韩斌,0,0
Mark Flekken,1,0
Sergio Padt,1,1
Robert Andrich,0,0
João Pedro da Costa Gamboa,1,1
Cristian Guanca,0,0
Durel Avounou,1,1
Andrea Luci,0,0
Aytaç Kara,0,0
Andre Wisdom,0,0
João Carlos Reis Graça,0,0
Edwin Lara,0,0
김동우 金东佑,0,0
Pascal Sohm,0,0
Mirko Kos,0,0
Wout Weghorst,1,1
Jacques-Alaixys Romao,0,0
Adão Dênis Salvador Vidigal,0,0
豊田 陽平,0,0
Miguel Linares Cólera,0,0
Nuno Miguel Sousa Pinto,0,0
José Vicente Gómez Umpiérrez,0,0
Leandro Bacuna,0,0
Rubén  Rochina Naixes,0,0
Allan Norberto Ardaújo Alves,0,0
John Boye,0,0
Lukáš Hrádecký,2,2
Raphaël Guerreiro,2,2
Ivan Perišić,2,2
José Luis Palomino,0,0
Albion Vrenezi,0,0
Àlex Granell Nogué,1,1
Juan Hernández García,0,0
Cameron Royo,0,0
Mike te Wierik,0,0
Diego Alejandro Novoa Urrego,0,0
Abdulaziz Ali Al Bishi,0,0
Jairo Ralph Farnias Almeida,0,0
Gustav Jansson,0,0
Jarosław Niezgoda,0,0
Carlos Núñez,0,0
Adam Davies,0,0
Jeremiah Gutjahr,0,0
龙威,0,0
Balázs Dzsudzsák,0,0
Eamonn Brophy,1,1
Kevin Broll,0,0
Thore Jacobsen,0,0
Kyle Beckerman,0,0
Ramy Bensebaini,1,1
Avtandil Ebralidze,0,0
Harouna Sy,0,0
高大伦,0,0
Maciej Dąbrowski,0,0
Richard Neudecker,1,1
Pedro López Muñoz,0,0
Aaron Heap,0,0
Rajiv van La Parra,0,0
Jean-Charles Castelletto,0,1
Conny Månsson,0,0
Rafał Grzyb,0,0
이재성 李在成,1,0
Jesper Verlaat,0,0
Larry Vásquez,0,0
Rajko Rotman,0,0
Kane Hemmings,0,0
Kilian Pagliuca,0,0
Jhonder Leonel Cádiz Fernández,1,0
Daniel James,1,1
José Antonio Ferrández Pomares,0,0
Federico Macheda,0,0
Leonel Ezequiel Galeano,0,0
Fakhereedine Ben Youssef,0,0
Ever Augusto Valencia Ruiz,0,0
Marius Grösch,0,0
Kgaogelo Sekgota,0,0
Lucas Alario,1,1
Yannick Bolasie Yala,0,0
Franco Armani,1,1
Cristian Insaurralde,0,0
Daniel Devine,0,0
Marcus Gudmann,0,0
Marlon Versteeg,0,0
Happy Mashiane,1,1
Sławomir Peszko,0,0
김선우 金善于,0,0
Knowledge Musona,0,0
Bryan Cristante,2,2
Jake Buxton,0,0
Kévin Cabral,0,0
David Enagnon Kiki,0,0
Patrick Choroba,0,0
Diego Torres,0,0
Konstantinos Mavropanos,1,1
Gerard Tomás Iborra,0,0
Salih Özcan,1,1
Frédéric Mendy,0,0
王小乐,0,0
Alan McCormack,0,0
Jordan Sierra,0,0
Emil Konradsen Ceide,0,1
Dmytro Chygrynskyi,0,0
Chey Dunkley,0,0
Alejandro Vallejo Mínguez,0,0
Ayoub Abdellaoui,0,0
Kai Bülow,0,0
Ben Brereton,2,1
Theofanis Mavromatis,1,0
Markus Gustafsson,0,0
Miloš Veljković,2,2
Sam Hoskins,0,0
Morgan Sanson,2,2
David Amoo,0,0
Suleiman Abdullahi,1,1
Ignacio Méndez Navia Fernández,2,1
Georgiy Bushchan,0,0
Christopher Mueller,0,0
Laurent Jans,0,0
José Ignacio González Catalán,0,0
Steven de Sousa Vitória,0,0
Antoine Rabillard,0,0
Robert Marcus Sandberg,0,0
Benjamin Ozegovic,0,0
Teenage Hadebe,0,0
Jordy Thomassen,0,0
大島 僚太,0,0
Jonathan Dinzeyi,0,1
Albin Nilsson,0,0
Raoul Petretta,1,1
Kurt Happy Zouma,2,2
Guido Herrera,1,1
Manuel Locatelli,2,2
Damián Musto,0,0
Gianluca Scamacca,0,0
Jake Bidwell,0,0
José Antonio Pardo Lucas,0,0
Ross Millen,0,0
Iker Casillas Fernández,1,2
Chris Seitz,0,0
Joseph-Claude Gyau,0,0
Francisco Andrés Arancibia Silva,1,1
이지남 李指南,0,0
Olivier Custodio Da Costa,0,0
Alex Cisak,0,0
Paul Fadiala Keita,0,0
Paolo Bastianello,0,0
Johannes van den Bergh,0,0
Sam Fielding,0,0
Carlos Mosquera,0,0
José Santiago Rosales,0,0
Héctor Miguel Herrera López,1,1
Pape Cheikh Diop Gueye,2,2
Yago César da Silva,1,1
Jiloan Hamad,0,0
Loïc Damour,0,0
Renato Civelli,1,1
Gonzalo Escalante,1,1
Jonaldo Kauã Monteiro Moura,0,0
Ricardo Gutiérrez,0,0
丁捷,0,0
Nuno Caio Cedrim Feitosa,0,0
Luis Ángel Malagón Velázquez,0,0
Nicolás Mario Domingo,0,0
İsmail Köybaşı,0,0
Lasse Nielsen,0,0
Jacob Karlstrøm,0,0
Édgar Osvaldo Barreto Cáceres,0,0
Alejandro Bernal Ríos,0,0
Callum Hawkins,0,0
José Manuel Irizo Fernández,0,0
Guilherme Schettine Guimarães,0,0
范晓冬,0,0
Daniel Kelly,0,0
Salih Uçan,0,1
Abdullah Durak,0,0
Krystian Stępniowski,0,0
Joe Walsh,0,0
Nicolas Baeza,0,0
Karlo Bartolec,0,0
권완규 权完圭,0,0
Caio Vinicius Pirana,0,1
Diogo Filipe Monteiro Pinto Leite,2,2
이현우 李炫雨,0,0
Chidi Omeje,0,0
Onur Atasayar,0,0
Steve Mandanda,1,1
Erik Majetschak,1,0
Alan Omar Mendoza López,0,0
Jasse Tuominen,0,0
Todor Nedelev,0,0
Jorge Luis Rojas Meza,0,0
Thulani Serero,0,0
Jamie Walker,0,0
Felipe Francisco Macedo,0,0
Przemysław Szymiński,0,1
Balwant Singh,0,0
Eric Weeger,0,0
Armindo Tué Na Bangna,1,1
Filipe Luís Kasmirski,2,2
Jordan Ponticelli,0,0
Ahmed Akaïchi,0,0
Matías Ruiz Díaz,0,0
Callum McFadzean,0,0
Tashan Oakley-Boothe,1,1
Papa Babacar Diawara,0,0
Sacha Klještan,0,0
Anthony Lopes,2,2
Andrea Pinamonti,1,1
Tiago Nathan Pombeira Gesser,0,0
Antonio Rüdiger,2,2
Juan Carlos Arce Justiniano,0,0
Jerónimo Figueroa Cabrera,0,0
Romain Thomas,0,0
Rob Hunt,0,0
Martin Olof Lorentzson,0,0
Matty Wolfe,0,0
David Kinsombi,0,0
Dario Esteban Melo Pulgar,0,0
Dan Peter Ulvestad,0,0
Petar Micin,1,2
Hans Nunoo Sarpei,0,0
이태희 李泰希,0,0
Daniel Sánchez Ayala,0,0
Josh Clarke,0,0
Roman Bezus,0,0
Ben Gladwin,0,0
Michael Omoh,0,0
Michał Marcjanik,0,0
Isaías Sánchez Cortés,0,0
Fabian Serrarens,0,0
Ilias Chatzitheodoridis,0,0
Lunan Ruben Gabrielsen,0,0
Japhet Tanganga,1,1
Dimitar Dimitrov  Rangelov,0,0
Eriq  Zavaleta,0,0
José-Junior  Matuwila,0,0
David Djigla,0,0
Branden Horton,0,0
Jérôme Hergault,0,0
Manuel Morlanes Ariño,1,1
이지훈 李智训,0,0
Nicolás Guerra,1,1
Mohamed Abdul Shafy Sayed Abouezeid,0,0
Oliver Antman,0,0
Steve Mounié,1,1
Łukasz Piszczek,1,1
Viktor Fischer,1,1
Patricio Monti,0,0
Philipp Riese,0,0
Nazareno Damián Solís,0,0
이민기 李敏基,0,0
Georgios Mygas,0,0
Zourab Tsiskaridze,0,0
Diogo Miguel Oliveira Silva,0,0
Jason Puncheon,0,0
Cedric Teuchert,1,1
Malik Tchokounté,0,0
Peter Cherrie,0,0
Soualiho Meïté,1,1
Stéphane Bahoken,1,1
Ryan Taylor,0,0
Mohammed Majrashi,0,0
Abdulmajeed Al Sulayhim,0,0
Yann Aurel Bisseck,1,1
刘健,0,0
Manuel Trigueros Muñoz,1,1
Luca Ravanelli,0,0
Sebastian Avanzini,0,0
Dennis Lippert,0,0
Christian Ramos,0,0
Tom Carroll,0,0
박이영 朴易扬,0,0
Nico Brandenburger,0,0
Jordi Vanlerberghe,1,1
岩馆 直,0,0
Robert Harvey,0,0
Brayner Jesús De Alba Castro,0,0
Youri Tielemans,2,2
Fehmi Mert Günok,0,0
Alex McCarthy,1,1
Junior Sambia,1,1
Ciaron Harkin,0,0
Fredrik Ulvestad,0,0
Juan Pedro Ramírez López,1,1
Sean Davis,0,0
Shane Tracy,0,0
Gökhan Töre,1,0
Nicolás Fernández,1,1
Emanuel Brítez,0,0
Kyle Walker-Peters,1,1
Luís Pedro de Freitas Pinto Trabulo,0,0
Tommaso Augello,0,0
Julián Millán,0,0
Ali Odabas,0,0
崔京明,0,0
Christopher Wernitznig,0,0
Signori Antonio,0,0
Léo Lacroix,0,0
Frederik Tingager,0,0
Alfredo Morales,0,0
Tyrone Mings,0,0
Hárold Santiago  Mosquera Caicedo,1,1
Jonathan Delaplace,0,0
顾操,0,0
Pasquale Mazzocchi,0,0
Kaveh Rezaei,0,0
Bruno Vieira Gallo de Oliveira,0,0
单鹏飞,0,0
Marc Muniesa Martínez,1,1
Gary Warren,0,0
Joseph Amoah,0,0
Ádám Szalai,0,0
Davide Agazzi,0,0
Nahuel Arena,0,0
Matías Gómez,1,1
Mapou Yanga-Mbiwa,0,0
Javier Galán Gil,0,0
Steven Lewerenz,0,0
양준아 梁准我,0,0
Fabricio Domínguez,0,0
Daniel Oswaldo Briceño Bueno,0,0
Cristian Gabriel Esparza,0,0
Efstratios Svarnas,0,0
Paul Gladon,0,0
Amir Abrashi,0,0
Alexandre Ramalingom,0,0
Nicolai Brock-Madsen,0,0
Min-Ho Kim,0,0
Aarón Martín Caricol,2,2
Jony Allison Reitosa Ribeiro,0,0
Joshua Harrop,1,1
杉岡 大暉,0,0
Eder Adolfo Pinhanços Dias,0,0
Ayo Simon Okosun,0,0
Taylor Queen,0,0
Brian Blasi,0,0
Nicolas Höfler,0,0
Niklas Stark,2,2
Raphael Obermair,0,0
Ádám Lang,0,0
Gregoire Defrel,1,1
Ayron Del Valle Rodríguez,0,0
Per Kristian Worre Bråtveit,0,0
Ibrahim Chenihi,0,0
Diego Ángel Capel Trinidad,0,0
Yassin Ayoub,1,1
Benedikt Zech,0,0
Danilo Soddimo,0,0
Luca Crecco,0,0
Tsuyoshi Kodama,0,0
Ramahlwe Mphahlele,0,0
Michael Baldisimo,0,0
Giorgi Tsitaishvili,0,0
Dominik Kohr,1,1
Marvin Knoll,0,0
Moussa Marega,1,1
Roman Hubník,0,0
Davinson Alexi Monsalve Jiménez,0,0
Karim Guédé,0,0
James Gibbons,0,0
王燊超,0,0
Adam Jakubech,0,0
Robert Costa Ventura,0,0
Jamie Proctor,0,0
Sterling Yatéké,0,0
송수영 Soo Yeong Song,0,0
Peshraw Azizi,0,0
Steeve Yago,0,0
George Francomb,0,0
Joshua Sims,0,1
José Carlos Lazo Romero,0,0
Sandro  Ramírez Castillo,1,1
Gaspar Emanuel Iñíguez,0,0
Mohammed Al Zubaidi,0,0
Wouter Marinus,0,0
Abdul-Halik Hudu,0,0
Pablo Nicolás Caballero Santos,0,0
Rayan Senhadji,0,0
Danilo Luiz da Silva,1,1
Emmanuel Dennis,2,2
Florent Hadergjonaj,1,1
Sebastian Vasiliadis,1,1
Amin Nouri,0,0
Victor van den Bogert,0,0
Billy Clarke,0,0
Said Ahmed Said,0,0
David Raum,1,1
Issa Marega,0,0
Volkan Babacan,1,1
Miguel Mariz Luís,2,2
Rubén Ramírez,0,0
James McKeown,0,0
Aleksandar Kolarov,2,2
Matt Jay,0,0
Alejandro Díaz,0,1
Douglas Bergqvist,0,0
Lasse  Schlüter,0,0
Daniel Gustavsson,0,0
Jed Wallace,0,0
Michael Karlsen,0,0
Vinni Triboulet,0,0
William Allin Møller,0,0
David Grifell Monreal,1,0
Daniel Steininger,0,0
Marvin Mehlem,1,1
Róger Lemus,0,0
Artem Sokol,0,0
Mukhtar Ali,0,0
Germán Guiffrey,0,0
Kevin Catalán,0,0
Hayen Santiago Palacios Sánchez,0,0
Bartosz Białkowski,0,0
Robert Lundström,0,0
Samuel Holmén,0,0
Liam Gibson,0,0
Yanick Brecher,0,0
Josh Grant,0,0
Mateusz Cegiełka,0,0
Victor Demba Bindia,0,0
Romain Philippoteaux,0,0
Steve Morison,0,0
Matty James,0,0
Diego Alejandro Arias Hincapié,0,0
Shaun Miller,0,0
Roland Varga,0,0
Riccardo Marchizza,1,1
Jackson Yueill,0,0
Steven Peter  Ugarković,0,0
Alejandro Centelles Plaza,1,1
Jordan Clark,0,0
Koen Huntelaar,0,0
Eirik Holmen Johansen,0,0
Harry Lennon,0,0
Erwin Mulder,0,0
Juan Carlos Valenzuela Hernández,0,0
Paulo Otávio Rosa da Silva,0,0
이범수 李范洙,0,0
Joaquín Pereira,0,0
Sebastián César Helios Ribas Barbato,0,0
Jorris Romil,0,0
Elliot Holmes,0,0
Johan Stenmark,0,0
Kristian Fardal Opseth,0,0
Marko Pajač,0,0
Miguel Aires Fernandes Olivera,0,0
Emmanuel Osadebe,0,0
Srdjan Plavšić,1,1
Mikael Soisalo,0,0
Manuel García Alonso,2,2
Yaseen Omar Barnawi,0,0
Emmanuel Imorou,0,0
Borja González Tomás,1,1
Cyrill Akono,0,0
Dídac Vilá Rosselló,0,0
Lukas Rupp,0,0
Mohammed Al Wakid,0,0
Carlens Arcus,0,0
Yannick Cahuzac,0,0
Ikoma Loïs Openda,2,1
David Mayoral Lastras,0,0
Joel Grant,0,0
Guillem Jaime Serrano,1,1
Diogo José Teixeira da Silva,2,2
Marcel Titsch Rivero,0,0
Ali Al Hassan,0,0
Ben Davies,2,1
Lucas Hernández,2,2
遠藤 航,0,0
Lassana Coulibaly,1,1
Gonzalo Lamardo,0,0
Matías Meneses,0,0
赵英杰,0,0
Arvid Brorsson,0,0
Mauricio Martínez,0,0
Daniele Bonera,0,0
Benjamin Leroy,0,0
Rabyi Mohammed Sufyani,0,0
Emmanuel Monthe,0,0
Jonathan Schunke,0,0
Naoki Tsubaki,1,0
Luis Gonzalo Bustamante,0,0
Jean Zimmer,0,0
Dino Islamovic,0,0
Taiwo Awoniyi,1,1
Georgios Tzavellas,0,0
Thomas Grøgaard,0,0
Tamás Szántó,0,0
Gaëtan Perrin,0,0
Welliton Edson Helmes Junqueira,0,0
Ali Majrashi,0,0
Miguel De la Fuente Escudero,1,1
Enrico Baldini,0,0
Felix Beijmo,1,1
Alessio Castro-Montes,0,0
Óscar Antonio Bernal López,0,0
Yiğithan Güveli,1,1
Berkan Taz,0,0
Fernando Emanuel Dening,0,0
Robbie Benson,0,0
Mark Halstead,0,0
Ismaël Aaneba,0,0
Rodrigo Sebastián Arciero,0,0
Jakob Busk,0,0
Grejohn Kyei,1,0
Francisco Mattia,0,0
Axel Mohamed Bakayoko,0,0
Ross McCrorie,1,1
Sindrit Guri,0,0
Max Christiansen,0,1
Viktor Prodell,0,0
Svend Brodersen,0,0
Waldemar Anton,2,2
Abou-Malal Ba,1,1
Aldo Misael Arellano Miranda,0,0
Vadis Odjidja-Ofoe,1,1
Jordy Monroy,0,0
Brandon Cooper,0,1
Guilherme Haubert Sityá,0,0
Janek  Sternberg,0,0
Chris Wondolowski,0,0
Modou Diagne,0,0
周燎,0,0
Alberto Soro Álvarez,1,1
Dries Mertens,2,2
Peter Wilson,0,0
Miller Stiwar Mosquera Cabrera,0,0
储今朝,0,0
Håvard Kallevik Nielsen,0,0
Gastón Rodrigo Pereiro López,2,1
Kevin Partida,0,0
Stephane Omeonga,0,0
Juliano Wagner Mascarinhas Concp.,0,0
Filip Ugrinic,0,1
Reuben Acquah,0,0
Orhan Vojić,0,0
南小亨,0,0
Júlio Carolino Tavares,0,0
Daniil Kulikov,0,0
Alan Aguerre,0,0
Alex Smithies,0,0
Federico Piovaccari,0,0
Matheus Reis de Lima,0,0
Soufyan Ahannach,0,0
Christian Dorda,0,0
Matthew Kennedy,0,0
Ognjen Vranješ,0,0
Julian Guttau,0,0
Lucas Torreira Di Pascua,2,2
Mattias Håkansson,0,0
Rick Karsdorp,1,1
Mauro Coppolaro,1,1
Valter Birsa,1,1
Ansou Sow,0,0
Claudio Riaño,0,0
Larrys Mabiala Destin,0,0
Gil Van Moerzeke,0,0
Oliver Lancashire,0,0
Sean Mackie,0,0
韦世豪,0,0
Matías Pellegrini,2,2
Ricardo Jorge Silva Rodrigues,0,0
José Kanté Martínez,0,0
Dimitrij Nazarov,0,0
Theodoros Ryuki Panagopoulos,0,0
Dejan Stojanović,0,0
Sam Lundholm,0,0
Marcus Epps,0,0
Mohammed Abdu Khubrani,0,0
Dženis Burnić,0,1
Khaleem Hyland,0,0
Aidan Daniels,0,0
Robert Olejnik,0,0
Junior Alonso,1,1
Fernando Gaibor,0,0
Nemanja Celic,0,0
Alexis Saelemaekers,2,2
Thibault Vlietinck,1,1
李运秋,0,0
Johann Obiang,0,0
Cameron Jerome,0,0
Ryan Sandford,0,0
Isaac Vassell,0,0
Yannick Thoelen,0,0
Leonardo Fabián Burián Castro,0,0
Alexander Dercho,0,0
David Aymerich,0,0
Patrik Mráz,0,0
Ibrahim Al Otaibi,0,0
Joseph Champness,0,0
Johnatan Opoku,0,0
Gilbert Fuentes,1,1
Florian Mayer,1,0
Christian Chimino,0,0
Jiří Skalák,0,0
宮市 亮,0,0
Jesper  Granlund,0,0
Nayef  Mohammad Kariri,0,0
Lars-Jørgen Salvesen,0,0
Rowen Koot,0,0
Simone Perilli,0,0
Karamoko Cissé,0,0
Wilfried Bedfian,0,0
Moussa Sylla,2,2
Elhan Kastrati,0,0
Vladimir Screciu,1,1
Andreu Fontàs Prat,0,0
Benjamin Pavard,2,2
Grégory Berthier,0,0
喜田 拓也,0,0
Orestis Karnezis,1,1
André Alexandre Antunes Pedrosa,0,0
Yoann Salmier,0,0
Ernesto Galán Iñigo,0,0
Juan David Victoria López,0,0
Mićo Kuzmanović,0,0
Frederik Rønnow,1,1
Fabio Kaufmann,0,0
Devon Arnold,0,0
Jop van der Linden,0,0
Owalabi Saturnin Allagbé Kassifa,0,0
Sumeet Passi,0,0
Florent Muslija,1,1
Matias Finnestrand,0,0
Léo Seydoux,0,0
Ibrahim Šehić,0,0
Thom Haye,0,0
Alexis Peña,0,0
Harlin José Suárez Torres,0,0
Alejandro Rodríguez Gorrín,0,0
Matt Godden,0,0
Saeed Awadh Al Yami,0,0
Adrià Guerrero Aguilar,0,0
Dico Koppers,0,0
Kieron Morris,0,0
Luke Offord,0,0
Mark McKee,0,0
Marten de Roon,1,0
Diego Soto,1,1
Nicolás Capaldo,0,0
Jack Harper,1,1
Frankie Kent,0,0
Oscar Iván Balanta Mosquera,0,0
Carlos Pérez,0,0
Nathan Ferguson,1,0
Oswaldo Germano Cuba Correia,0,0
Aleksey Miranchuk,2,1
Rayco Rodríguez Medina,0,0
Jesse Curran,0,0
Yeni Ngbakoto,0,0
Golgol Mebrahtu,0,0
Dillon Serna,0,0
Franck Bahi,0,0
Timothy Derijck,0,0
Leon-Aderemi Balogun,0,0
秋野 央樹,0,0
Leif Davis,0,0
Jordan Williams,0,0
Jannik Pohl,0,0
Ervin Zukanović,0,0
Mehdi Carcela-González,1,1
Michael Nelson,0,0
Tiago Jorge Oliveira Lopes,0,0
José María Giménez de Vargas,2,2
Jonathan Scherzer,0,0
Theo Archibald,0,0
Luis Díaz Carballido,0,0
Mathías Damián Riquero Beretta,0,0
John Welsh,0,0
Fodé Camara,0,0
David Accam,0,0
Luca Mazzoni,0,0
Luke Thomas,1,0
Derrick Jones,0,0
Luis Fernando Muriel Fruto,1,1
Stephan Auer,0,0
Ismael López Blanco,0,0
Tate Schmitt,0,0
Michał Kucharczyk,0,0
Carlos dos Santos Rodrigues,1,1
Jon Moncayola Tollar,0,0
Mauro Burruchaga,0,0
Alejandro Mula Sánchez,0,0
최성근 崔圣根,0,0
Ayaz Guliev,1,0
Sulayman Bojang,0,0
Fabian Schnellhardt,0,0
Adrián Hernández Montoro,0,0
Luis Miguel Payares Blanco,0,0
Robin Taillan,0,0
Brandley Kuwas,0,0
Andres Tello,1,1
Rafael Simão de Aseiro Vieira,0,0
Daniel Amartey,1,1
Saúl Berjón Pérez,0,0
Tobias Mohr,0,0
Gerald Nutz,0,0
Nicolas Douchez,0,0
岡本 拓也,0,0
Mahamadou Dembélé,0,0
Luca Valzania,1,1
Duvier Orlando Riascos Barahona,0,0
Dyego Wilverson Ferreira Sousa,1,1
Lasse Askou Mikkelsen,0,0
Grzegorz Sandomierski,0,0
Jonathan Lopera Jiménez,0,0
Marcos  Aoás Corrêa,2,2
Andrew Mangan,0,0
Tom Flanagan,0,0
Filip Malbašić,0,0
Benjamin Pintol,0,0
Nathan Burns,0,0
Arián Pucheta,0,0
Roldão Tony Riso Cardenas,0,0
Freddie Brorsson,0,0
Marcus Godinho,0,0
Pierre-Emile Højbjerg,2,1
Niklas Dams,0,0
David Eliécer Contreras Suárez,0,0
James McClean,0,0
常田 克人,0,0
Patryk Klimala,0,0
José Antonio Reyes Calderón,0,0
Luther Wildin,0,0
Daniel Lalhlimpuia,0,0
Oribe Peralta Morones,0,0
Lucien Owona,0,0
Phillipp Mwene,0,0
Patrick Fabian,0,0
Youssouf Koné,0,0
Marc Cardona Rovira,1,1
Kenny Dougall,0,0
Yacouba Coulibaly,0,0
Erdin Demir,0,0
肖智,0,0
Rade Krunić,1,1
Mustapha Bundu,0,0
Guido Mainero,0,0
Franco Nicolás Quiroz,0,0
Sixten Mohlin,0,0
Ben Close,0,0
Giovanni Pinto,0,0
Joseph Willock,1,1
Maxime Poundjé,0,0
Jakub Bartosz,0,0
Gavin Vlijter,0,0
Jhon Lucumi,2,2
구자룡 具滋龙,0,0
Jimmy Ockford,0,0
Reice Charles-Cook,0,0
Pedro K. Medina da Silva,0,0
Michał Koj,0,0
Joe Rafferty,0,0
Diego Nicolás De La Cruz Arcosa,1,1
Edmond Tapsoba,0,0
Felix Müller,0,0
Yannick M'Bone,0,0
Miloš Jojić,0,0
Mads Juel Andersen,0,0
Mathew Leckie,0,0
Bryan Pelé,0,0
Vinicius Lúcio Trieiro Lobato,0,0
Hasan Ali Adıgüzel,1,1
Joey Pelupessy,0,0
Scott Wharton,0,0
Juan Cruz Bolado,0,0
Javier Horacio Pinola,1,1
Dougie Imrie,0,0
Lucas Rougeaux,0,0
Raúl Prieto Odena,0,0
Magnus Lekven,0,0
Javier Castellano Betancor,0,0
Hilal Ben Moussa,0,0
Bafétimbi Gomis,1,1
Mohanad Jeahze,0,0
Willy Boly,1,1
清武 弘嗣,0,0
Kacper Michalski,0,0
Finn Tapp,0,0
Taras Romanczuk,0,0
Marcos Guillermo Díaz,1,1
Jonny Maxted,0,0
Azor Matusiwa,0,0
Marco Ospitalieri,0,0
José Antonio González Estrada,0,0
Nikola Vujadinović,0,0
Gérson Adriano Gutierres Serra,1,1
山口 一真,0,0
Abdulrahman Al Yami,0,0
오인표 Inpyo Oh,0,0
Stéphane Darbion,0,0
谢鹏飞,0,0
Ronald José Hernández Pimentel,0,0
Jelle Van Damme,0,0
Keshi Anderson,0,0
Michalis Bakakis,0,0
Eduardo Expósito Jaén,2,2
Diego Becker,0,0
小川 庆治朗,0,0
Joe Kato Caletti,0,0
Carlos Adriano de Souza Cruz,0,0
Oriol Ayala Serra,0,0
Ciaran Clark,1,1
Ezequiel Barco,2,2
Gaetano Castrovilli,0,0
Näis Djouahra,0,0
Thomas Eisfeld,0,0
Jackson Irvine,0,0
Maarten Rieder,0,0
Gianluca Simeone,1,0
Rafał Adamski,0,0
Anastasios Donis,2,2
Lucas Jensen,0,0
Alfred Ndengane,0,0
William Balikwisha,1,0
Enrico Brignola,2,2
Piotr Samiec-Talar,1,0
Oliver Petrak,0,0
Michael Esser,0,0
Robbie Simpson,0,0
Dujon Sterling,0,0
Luciano Slagveer,0,0
Clément Vidal,1,1
Mateusz Hołownia,0,0
Mathias Rasmussen,0,0
Memo Rodriguez,0,0
Alexis Gamboa,0,0
Stewart Downing,0,0
森谷 贤太郎,0,0
Valentín Vada,1,1
William Owusu,0,0
이청용 李青龙,0,0
Duilio Tejeda,0,0
Jamie Vardy,1,1
Hugo Gabriel Silveira Pereira,0,0
Alec Georgen,1,1
Andrea Raggi,0,0
Scott Brown,0,0
Denver Hume,0,0
Peter Vindahl Jensen,0,0
Laurent Dos Santos,0,0
Víctor Hugo Soto Azcárate,0,0
Leandro Sapetti,0,0
Roel Janssen,0,0
Kamil Broda,0,0
Welson Emílio Leima Garcia,0,0
Ivan Zlobin,1,1
Cristian Flórez,0,0
Luís Miguel Vieira da Silva,0,0
Moritz Hartmann,0,0
Jesper Bøge Pedersen,0,0
Mark Marshall,0,0
Gian Marco Ferrari,1,1
Elías Fernando Aguilar Vargas,0,0
Roman Zozulya,0,0
Artur Boruc,0,0
Adam Smith,0,0
Rémi Mulumba,0,0
Juan Cataldi,0,0
Corey Baird,1,1
Joe Grayson,0,0
Adriano Grimaldi,0,0
Jacob Tjørnelund,0,0
Qazim Laçi,0,0
João Mário Naval Costa Eduardo,2,2
颜骏凌,0,0
Karim Rekik,2,2
Lewis MacLeod,0,0
Roberto Ramírez,0,0
Fabián Balbuena,2,2
Okan Kurt,0,0
Marcel Gebers,0,0
Cristian Arano,0,0
Iñigo Pérez Soto,0,0
Alexander Riemann,0,0
김건희 金健熙,0,0
Stefano Sensi,1,1
Hasan Ali Kaldırım,0,0
Jeando Fuchs,1,1
Andy Rinomhota,1,1
Patryk Sokołowski,0,0
George Brown,0,0
孙伟哲,0,0
Albert Miravent Sans,0,0
Emmanuel Rivière,0,0
Joe Edwards,0,0
Edgar Melitón Hernández Cabrera,0,0
Adama Soumaoro,1,1
Lorenzo Morón García,2,2
Moreno Rutten,0,0
Manuel Henrique Tavares Fernandes,1,1
Nikola Maraš,1,1
Ammar Siraj Y Al Najjar,0,0
Larry Azouni,0,0
Daniel Eduardo Bocanegra Ortíz,0,0
Marcelo Machado dos Santos,0,0
Junior Gabriel Arias Cácerers,0,0
Nahuel Lautaro Bustos,1,1
Jasmin Burić,0,0
Tom Pett,0,0
Yves Simon Pambou Loembet,0,0
Pablo Ignacio Galdames Millán,1,1
Jonathan Bamba,2,2
Marius Kleinsorge,0,0
Renato João Saleiro Santos,0,0
Javier Correa,0,0
Boris Radunović,1,1
Bogdan Butko,0,0
David Ángel Abraham,1,1
李圣龙,0,0
Ernesto Torregrossa,0,0
Remko Pasveer,0,0
Lalaïna Nomenjanahary,0,0
Mateo López,0,0
Anderson Darley Angulo Tenorio,0,0
Kevin Devaney,0,0
Wes Thomas,0,0
Matías Rosas,0,0
Ricki Lamie,0,0
Laorent Shabani,0,0
Biagio Meccariello,0,0
Joel Asoro,2,1
Jaroslav Zelený,0,0
George Ţucudean,0,0
Tom Huddlestone,0,0
Stefan Knežević,1,1
Samuel Mraz,1,1
Mateusz Kuchta,0,0
Tom Miller,0,0
Bruno Viana Willemen Da Silva,2,2
Kyle Zobeck,0,0
Moritz Heinrich,0,0
Nemanja Antonov,0,0
Iván Erquiaga,0,0
Esteban Paredes,0,0
菊池 大介,0,0
Charlie Austin,0,0
Leo Bengtsson,0,0
José Antonio Caro Martínez,0,0
François Affolter,0,0
Amir Absalem,0,0
Sarpreet Singh,1,1
Stefan Posch,1,1
Brian Oladapo Idowu,0,0
Garry Comerford,0,0
Matej Valenta,0,0
Davide Marcandella,0,0
Jonathan Meier,0,0
João Rafael Brito Teixeira,0,0
Rafael Pérez,0,0
Kasper Dolberg,2,2
Matías Ariel Sánchez,0,0
Conor Hourihane,0,0
Osvaldo David Martínez Arce,0,0
Håkon Evjen,0,0
Christian Joel Sánchez Leal,0,0
Mandé Sayouba,0,0
Beni Badibanga,0,0
Germanpreet Singh,0,0
Mauro Gabriel Osores,0,0
Ashley Westwood,1,0
Mazen Ali Abu Shararah,0,0
Dejan Sorgić,0,0
Ángel Baltazar Sepúlveda Sánchez,0,0
Alex Hartridge,0,0
Yannick Thermann,0,0
Stephen Dawson,0,0
Marko Janković,0,0
Jean Butez,0,0
Fabio Depaoli,1,1
Romain Danzé,0,0
Christopher Schindler,1,1
Federico Ceccherini,0,1
Maximiliano Romero,2,2
Charlison Benschop,0,0
Pere Milla Peña,0,0
Marcos Agustín Gelabert,0,0
Alberto Brignoli,0,0
Liam Kelly,0,0
Adrián Ricardo Centurión,1,1
Vincent Muratori,0,0
Francisco Leonardo,0,0
Gonzalo Asís,0,0
Davino Liessens,0,0
Dener Adão Rolim Leal,0,0
Carlos Augusto Zambrano Ochandarte,0,0
Duško Tošić,0,0
Antonino Gallo,1,1
Mayron Antonio George Clayton,0,0
Antonio Milić,1,0
藤田 直之,0,0
João Miguel Macedo da Silva,1,1
Lourival Adnan Diniz Prazeres,0,0
Derley Gonzo,0,1
Patrick McEleney,0,0
Rodney Wallace,0,0
Lokman Gör,0,0
Matías Donato,0,0
Ailton Jonas Valpaços Salazar,0,0
Pablo Ariel Lugüercio,0,0
Cristian Barrios,0,0
Reuben James Reid,0,0
Fernando Peixoto Costanza,0,0
Ashley Williams,0,0
Stanislav Manolev,0,0
Felipe Andrés Barrientos Mena,0,0
Brian Vandenbussche,0,0
정우영 Woo Yeong Jeong,1,1
Joseph Nuttall,0,0
William Tchuameni,0,0
Shaun Williams,0,0
İrfan Can Kahveci,1,1
Robert Harker,0,0
Victor da Silva,1,1
Viðar Ari Jónsson,0,0
Luca Antei,0,0
Alessandro Ligi,0,0
Kyle Bennett,0,0
Mikkel Kirkeskov,0,0
Moussa Koné,0,0
Euciodálcio Gomes,0,0
Jorrit Hendrix,1,1
Birama Touré,0,0
Felipe Alfonso Criado,0,0
Alfred John Momar N'Diaye,0,1
呉屋 大翔,0,0
Lewis Collins,0,0
José Hibert Alberto Ruiz Vázquez,0,0
Vítor Tormena de Farias,0,0
Wilfried Ebane Abessolo,0,0
杉本 健勇,0,0
Waldemar Sobota,0,0
Magnus Kofod Andersen,1,1
Jesper Löfgren,0,0
Stef Peeters,0,0
Ben Lundgaard,0,0
Benjamin Verbič,1,1
Diego Rico Salguero,1,1
Virgile Piechocki,0,0
Sebastián Javier Rodríguez Iriarte,0,0
Connor Hall,0,0
Carlos Manuel Cardoso Mané,1,1
Yahya Otayn,0,0
Pablo De Blasis,0,0
Rick van Drongelen,1,2
László Bénes,1,1
Jamilu Collins,0,0
Diego Sánchez,0,0
Viktor Claesson,0,0
Christopher Dibon,0,0
Sadık Çiftpınar,0,0
Clemente Juan Rodríguez,0,0
Yago Henrique Severino dos Santos,0,0
Abbubaker Mobara,1,1
Ledian Memushaj,0,0
Connor Mahoney,1,1
Liberato Gianpaolo Cacace,1,1
Armando Sosa Peña,0,0
Ghislain Konan,1,1
森岡 弘良太,0,0
Jasmin Ščuk,0,0
Jimmy Keohane,0,0
Sergi Canós Tenés,0,0
Darren Cole,0,0
Antonio Manuel Luna Rodríguez,0,0
Manuel Janzer,0,0
Lee Tomlin,0,0
Kevin Long,0,0
Marco Reus,2,2
Aykut Çeviker,0,0
Eric Veiga,0,0
Heriberto Olvera Hernández,0,0
Walker Zimmerman,1,0
Mehmet Sak,0,0
Rémi Pillot,0,0
Stanley Segarel,0,0
Austin Samuels,0,1
Philippe Coutinho Correia,2,2
Conor Masterson,0,0
Dennis  Mast,0,0
Luís Rafael Soares Alves,1,1
Kik Pierie,1,1
Martin  Pospíšil,0,0
Nabil Ghilas,0,0
Joe Pritchard,0,0
Claudio Andrés Baeza Baeza,0,0
Sam Jones,0,0
Lee Grant,0,0
Fabian Senninger,0,0
Chris Brunt,0,0
Rasmus Falk Jensen,0,0
Quirin Moll,0,0
Jefferson Andrés Lerma Solís,2,2
Brais Méndez Portela,2,2
Theerathon Bunmathan,0,0
Jimmy Cabot,1,1
Cristian Rodríguez Pérez,0,0
Sören Bertram,0,0
Lasse Sörensen,1,1
Adrien Monfray,0,0
Juan Pablo Zuluaga Estrada,0,0
Eros Pisano,0,0
Blessing Eleke,0,0
Stefan van der Lei,0,0
Liam Grimshaw,0,0
Tyrell Malacia,1,1
James Perch,0,0
Ruben Ligeon,0,0
Carlos Cuesta,1,1
Stefan Thesker,0,0
Tom Baack,0,0
Rémi Walter,1,1
Christopher Martins Pereira,1,1
Simon Cox,0,0
Connor Ogilvie,0,0
Javier Matías Pastore,1,1
Christos Giousis,1,1
Brayan Alexis Angulo León,0,0
Marko Maroši,0,0
Conor McLaughlin,0,0
Brian Avelino Lozano Aparicio,0,0
Filip Lesniak,0,0
Vincenzo Grifo,1,1
Christopher Lenz,0,0
Jesús David Murillo León,0,0
Akseli Pelvas,0,0
Philipp Lienhart,1,1
Mehmet Ekici,0,0
Exequiel Palacios,2,2
Brahim Konaté,0,0
Serkan Kırıntılı,0,0
Felipe Ignacio Saavedra Saavedra,0,0
Étienne Didot,0,0
Damian Dąbrowski,0,0
Francisco Antonio Figueroa Díaz,1,0
Ondrej Duda,1,1
Zoran Arsenić,0,0
Niklas Persson,0,0
豊川 雄太,1,0
Hendrik Weydandt,0,0
Philipp Mickel Klewin,0,0
김승규 金承奎,0,0
Ataúlfo Heitor Anjos Rosan,0,0
Lion Lauberbach,0,0
Carlos Hernández Alarcón,0,0
Víctor Laguardia Cisneros,1,1
Nana Kwesi Asare,0,0
杨君,0,0
José Luis Fernández,0,0
James Dunne,0,0
Matti Steinmann,0,0
Brandon Buckley,0,0
Joe Adams,0,0
Jorge Daniel Hernández Govea,0,0
Stephan El Shaarawy,2,1
Ruben Loftus-Cheek,2,2
Keaton Parks,1,1
Daniel Grimshaw,0,0
Juan Diego Molina Martínez,0,0
Gastón Gil Romero,0,0
Raphael Sallinger,0,0
John-Patrick Strauß,0,0
Matías Gustavo Alustiza,0,0
Caleb Richards,0,0
Emerson Leite De Souza,1,1
Paul Izzo,0,0
Granit Xhaka,2,2
Luis Ernesto Olascoaga Reyes,0,0
Álvaro Vallés Rosa,0,0
Malik Batmaz,1,0
Botond Baráth,0,0
Anders Bærtelsen,0,0
Gregory Leigh,0,0
Goduine Koyalipou,1,1
Gaëtan Arib,0,0
Flávio Raphael Rebeilo Mestres,0,0
José Carlos Ramírez Suárez,0,0
Devlin Mackay,0,0
杉森 考起,0,0
Vid Belec,0,0
Loïc Nestor,0,0
Neal  Eardley,0,0
Hakim Guenouche,0,0
Fabio González Estupiñán,0,0
Dominik Reimann,0,0
驹井 善成,0,0
Nino Ziswiler,0,0
Daniel Schütz,0,0
Evren Korkmaz,0,0
Naif Mousa,0,0
Sandeiro Luan Leal Neto,0,0
Pierce Phillips,0,0
Enzio Boldewijn,0,0
Jamal Lowe,0,0
Denys Bain,0,0
Steve Phillips,0,0
Gustavo Rafael Outomouro Tófoli,0,0
Alfie Mawson,1,1
Yan Brice Eteki,0,1
Nils Fröling,0,0
Gabriel Rogers,0,0
정태욱 Tae Wook Jeong,0,0
奈良 竜樹,0,0
김진야 金真冶,1,1
Rayane Aabid,0,0
Karim Onisiwo,0,0
Erlend Tolnes Sørhøy,0,0
Jonathan Matías Urretaviscaya da Luz,0,0
Tomasz Nowak,0,0
Serdar Taşçı,1,1
Bright Addae,0,0
Borja Granero Niñerola,0,0
Jed Steer,0,0
Meinhard Olsen,0,0
Daniel Jefferies,0,0
Joakim Mæhle,2,2
Jostein Gundersen,0,0
Timothy Chandler,1,1
Ross Sykes,0,0
José Gabriel Sambenito,0,0
Aitor Lorea Vergara,1,1
Tom Adeyemi,0,0
Dominik Lanius,0,0
Nicolás Gutierrez,0,0
Andrea Arrigoni,0,0
Simone Zaza,1,1
Sven Braken,0,0
Elson Hooi,0,0
Pablo Martín Ledesma,0,0
Bart Schenkeveld,0,0
クロリッキー 健,0,0
Guilherme Alvim Marinato,1,1
Lyle Taylor,0,0
Callum O'Hare,0,0
Max Grün,0,0
Myer Bevan,0,0
Adam Henley,0,0
최범경 Beom Kyung Choi,0,0
Badra Ali Sangaré,0,0
Todd Kane,0,0
Lukas Kübler,0,0
George Evans,0,0
Franco Vélez,0,0
Ola  Williams Kamara,0,0
Aliou Coly,0,0
Maximiliano Salas,0,0
Kenan Fatkic,0,0
Kelvin Leerdam,0,0
Adam Bark,0,0
Marlon Javier Piedrahita Londoño,0,0
Sebastián Luna,0,0
Radamel Falcao García Zárate,2,2
Jake Ellis,0,0
Rodrigo Adrián Schlegel,0,0
Maximilian Mittelstädt,2,1
Marko Dmitrović,1,1
Richard Keogh,0,0
Zakaria Diallo,0,0
Luca Maniero,0,0
Wilson Bruno Naval Costa Eduardo,1,1
Mario Trejo,0,0
Ryan Edwards,0,0
Lukas Fadinger,0,0
Jorge Darío Cáceres Ovelar,0,0
Cristian Tello Herrera,1,1
Okacha Hamzaoui,0,0
Cristian Salvador González,0,0
Hugo Patricio Droguett Diocares,0,0
Philip Heise,0,0
Alexander Sorge,0,0
Chidera Ejuke,1,1
李本建,0,0
Felix Schwarzholz,0,0
Sergiy Gryn,0,0
Simon Tibbling,1,1
Ahmed Ba Saeed,0,0
Lukas Boeder,0,0
Dylan Asonganyi,0,0
Sérgio Antônio Borges Júnior,0,0
Simon Janssen,0,0
Edson Aldair García Martínez,0,0
Chris Kablan,0,0
Javier García-Noblejas,0,0
Simone Lo Faso,1,1
Robert Green,0,0
Chris Harold,0,0
Lawrence Siphiwe Tshabalala,0,0
Giuseppe Scalera,0,0
Eric Abulu,0,0
Laurenz Beckemeyer,0,0
Hampus Strömgren,0,0
Lisandro Joel Alzugaray,0,0
Tanguy NDombèlé Alvaro,2,2
Kevin Kratz,0,0
Ally Gilchrist,0,0
Kwame Kizito,0,0
Mauro Vigorito,0,0
Paolo Sammarco,0,0
Boubakary Soumaré,1,1
Luís García,0,0
Jannik Vestergaard,2,1
Cameron Gregory,0,0
糜昊伦,0,0
Waleed Abdullah Ali,0,0
Atiba Hutchinson,0,0
Carlos Terán,0,0
Timo Horn,2,2
Omar Mireles,0,0
Hattan Bahebri,0,0
Javier Pérez Mateo,0,0
Carlos Gael Acosta Zavala,0,0
Ahmad Awad,0,0
Tyler Reid,0,0
Joris Delle,0,0
Onel Lázaro Hernández Mayea,0,0
Kasper Kusk Vangsgaard,0,0
Fantamady Diarra,0,0
Tim Payne,0,0
Víctor Arzayus,0,0
Stefan Frei,0,0
Paweł Kucharczyk,0,0
Renato Tarifeño,0,0
Johan Mårtensson,0,0
Evan Bush,0,0
Gabriele Corbo,0,1
Amir Adouyev,1,1
Andy Delort,1,1
Salim Khelifi,0,0
Mevlüt Erdinç,0,0
Jack Walton,0,0
Ángel José Bonilla Gutiérrez,0,0
Chima Akas,0,0
Uroš Matić,0,0
Rafael Scapini de Almeida,0,0
김한길 金汉吉,0,0
Mark Diemers,0,0
Santiago Arias Naranjo,1,1
Cody Prior,0,0
Henning Hauger,0,0
Florian Ballas,0,0
Neider Barona,0,1
Ben Osborn,1,1
Conor Levingston,0,0
Marcel Schantl,0,0
Johnny Dunleavy,0,0
Tobias Mølgaard,0,0
Marcel Bär,0,0
Daniel Mesenhöler,0,0
Ismael Mohammedjammui Al Maghrabi,0,0
Danny Olsen,0,0
Marek Rodák,1,1
Pier Miqueas Barrios,0,0
Bülent Cevahir,0,0
José Salomón Rondón Giménez,1,1
Joaquín García Epull,0,0
Federico Chiesa,2,2
Danny Rowe,0,0
Mattia De Sciglio,1,1
Nélson Cabral Semedo,2,2
Victor Nilsson Lindelöf,2,2
Trent Alexander-Arnold,2,2
Harry Beasley,0,0
Sammie Szmodics,0,0
Callum Guy,0,0
Jorge Pietro Carvalho Porfírio,0,0
Bailey Peacock-Farrell,1,1
小野 伸二,0,0
Matt Phillips,0,0
Lucas Villalba,0,0
Anouar Hadouir,0,0
Souleymane Diarra,0,0
Laureano Antonio Villa Suárez,1,1
Juan Mosquera,0,0
Pierre Emmanuel Sagna,0,0
Sascha Riether,0,0
고경민 柯京闽,0,0
Adam Reach,0,0
Josef Welzmüller,0,0
Aristote Nkaka,0,0
Eden Massouema,0,0
Danny Fox,0,0
Daniel Johnson,0,0
Connor O'Toole,0,0
Alejandro López de Groot,0,0
Brayan Garnica,1,0
矢島 紀一,0,0
Lionel Andrés Messi Cuccittini,2,2
Adrián López Álvarez,0,0
Abdulsamed Damlu,0,0
Alfred Benjamin Gomis,1,1
Joshua Steiger,0,0
Eric David Cantú Guerrero,0,0
Cedric Evina,0,0
Amrinder Singh,0,0
Daryl Murphy,0,0
Koffi Cheikh Konaté,0,0
Franco Moyano,1,1
Anthony Gerrard,0,0
Boné Uaferro,0,0
Matías Parada,0,0
Agostino Rizzo,0,1
José Hernández,0,0
José Artur de Lima Junior,1,0
Indy Groothuizen,0,0
Kenneth Vermeer,0,0
Charlis Ortiz,0,0
Dominik Prokop,1,1
Leonardo Espinoza,0,0
Víctor García Raja,1,1
Quentin Westberg,0,0
Tommy Spurr,0,0
Jake Caprice,0,0
Yeray Álvarez López,2,2
Laurent Depoitre,0,0
Bertrand Traoré,2,2
Hamilton Piedra,0,0
Arton Zekaj,1,0
Gareth Evans,0,0
Yassin Fekir,0,0
Sergio Ezequiel Araújo,0,0
이민수 Min Soo Lee,0,0
Sergio Pellissier,0,0
Ross Fitzsimons,0,0
Kiernan Dewsbury-Hall,0,0
Sebastián Sáez,0,0
Ryan Cooney,0,0
Jeff Hardeveld,0,0
Uwe Hünemeier,0,0
Karl Darlow,0,0
Marius Wolf,2,1
Marcel Franke,0,0
中村 俊輔,0,0
André Ibsen Rømer,0,0
Simon Brandstetter,0,0
Luis González,0,0
Timo Righetti,0,0
Jack Doyle,0,0
Philipp Bargfrede,0,0
Iván Villar Martínez,1,0
Daniel Gordon,0,0
Curtis Jones,1,1
Cristian Magerusan,0,0
Marvin Spielmann,1,0
Sébastien Dewaest,0,0
Diego Antonio Reyes Rosales,1,1
Joaquín Matías Ardaiz de los Santos,1,1
Daniel Toth,0,0
Peru Nolaskoain Esnal,1,1
Brandon Barker,0,0
Mario Lemina,2,2
Rogerio De Assis Silva Coutinho,0,0
Jens Jakob Thomasen,0,0
Brandon Servania,0,0
Aaron Wildig,0,0
Davide Biraschi,1,1
Luca Colville,0,0
Hazaa Ibrahim Al Hazaa,0,0
Alex  Baptiste,0,0
Chris McCann,0,0
Andy Kellett,0,0
Marco Meilinger,0,0
Jamiro Gregory Monteiro Alvarenga,0,0
C.J. Sapong,0,0
Scott Shearer,0,0
Stephen Gleeson,0,0
Cameron Lindley,0,0
Anthony Mounier,0,0
Carlos Arnoldo Salcido Flores,0,0
Jonathan Levi,0,0
Benedikt Saller,0,0
Ben White,0,0
Abdulaziz Haroon,0,0
Álvaro Arroyo Martínez,0,0
Feiver Mercado,0,0
Cristian Osvaldo González Bautista,0,0
Danilo D'Ambrosio,0,0
曹紫珩,0,0
Burak Yılmaz,1,1
Benjamín Berríos,0,0
Chris Stokes,0,0
Edson Gérson Torres Guerra,0,0
Maxime D'Arpino,0,0
Luca Ceppitelli,0,0
Ali Al Nemer,0,0
原 輝綺,0,0
Francesco Magnanelli,0,0
Kevin Rüegg,1,1
Josip Pivarić,0,0
Deniz Kadah,0,0
Esteban Andrada,1,1
Alexandre Raineau,0,0
Vladislav Sirotov,0,0
Marcus Ingvartsen,1,0
Scott McTominay,1,1
Mehmet Zeki Çelik,2,2
Bernardo Joshua Mota Damasco,0,0
Edgar Eduardo Castillo Carrillo,0,0
Lucas Barrios,0,0
Giorgi Arabidze,1,1
Lewis White,0,0
田中 順也,0,0
Arsène Elogo,0,0
Marlon Pack,0,0
Jhon Velásquez,0,0
Jonathan Vergara Berrio,0,0
Nawaf Mashea Al Harbi,0,0
Miroslav Čovilo,0,0
Jordi Cortizo,0,0
Ylber Ramadani,0,0
Víctor Alberto Figueroa,0,0
Andrew Hjulsager,0,0
Matthias Kühne,0,0
Ignatius Ganago,1,1
Adrien Tameze,1,1
Florian Pick,0,0
Axel Ngando,0,0
安外尔·买买提艾力,0,0
Alexandar Borkovic,0,0
Thomas Kortegaard,0,0
平川 怜,1,1
최철순 崔喆淳,0,0
Jacques François Moubandje,0,0
Paulo Manuel Neves Alves,0,0
Vincent Kompany,2,2
António Filipe Norinho de Carvalho,0,0
Simão Alvin Donatinho Garcia,0,0
Roberto Francisco Romero Fernández,0,0
Evangelos Pavlidis,0,0
Marcelo Martins Moreno,0,0
Sten Michael Grytebust,0,0
Emil Audero,2,2
Joel Latibeaudiere,1,1
Nick Suman,0,0
Lucas Henrique Ferreira Venuto,0,0
登里 享平,0,0
Jonathan Rivierez,0,0
Mikael Norø Ingebrigtsen,0,0
大垣 勇樹,0,0
Giorgi Gabedava,0,0
Harold Oshkaly Cummings Segura,0,0
John Brayford,0,0
Hassan Lingani,0,0
Emanuele Ndoj,0,1
Abdullah Hamdan Al Shammari,0,0
Cristian David Lucchetti,0,0
Marcel Baude,0,0
Gary Liddle,0,0
Reagan Ogle,0,0
Brandon Fleming,0,0
Oscar Wendt,1,1
George Bello,1,1
Júnior Fernandes,0,0
Habib Al Watyan,0,0
Ryan Fulton,0,0
Laureano Sanabria Ruiz,0,0
Andrés Felipe Arboleda Hurtado,0,0
Nathan Sheron,0,0
Nawaf Al Habashi,0,0
Toni Kroos,2,2
Jacopo Segre,0,0
Denis Suárez Fernández,2,2
Ihsan Sacko,1,1
Martin Woods,0,0
Janick Kamber,0,0
Philipe Sampaio Azevedo,1,1
Rômulo Roberto Selva Esser,0,0
Jason Steele,0,0
Mikkel Desler,0,0
Fabien Centonze,0,0
Felix Wiedwald,0,0
Christian Vargas Cortés,0,0
Stefano Minelli,0,0
Brad Potts,0,0
Jesús Arturo Paganoni Peña,0,0
Andrea Settembrini,0,0
David Dias Resende Bruno,0,0
Vivaldo Neto,0,0
Morten Knudsen,0,0
Joel Kabongo,0,0
하성민 河成敏,0,0
Roberto Pirrello,1,1
Michael Marrone,0,0
Víctor Rodríguez Romero,0,0
Daniel Toribio Gutiérrez,0,0
Juan Patiño,0,0
Fabian Reese,0,0
Gaoussou Boubacar Traoré,1,1
Keidi Bare,1,0
Korbinian Müller,0,0
António Manuel Fernandes Mendes,0,0
Benedikt Kirsch,0,0
Ramy Najjarine,0,0
Musa Barrow,2,2
Yaya Kouassi Ouattara,0,0
Lorenzo Ariaudo,0,0
Diego Cayupíl,0,0
Jodi Jones,0,0
Mariano Arini,0,0
Matthew Sutton,0,0
Viktor Klonaridis,0,0
Képler Laveran Lima Ferreira,2,2
Ignacio Ayala Rojas,0,0
Nicklas Pedersen,0,0
Josh Cullen,0,0
신창무 申昶武,0,0
Yuxer McAllyster Requena Venales,0,0
Pablo González,0,0
Felix Burmeister,0,0
Robert Berić,0,0
Motjeka Madisha,0,0
Kristján Flóki Finnbogason,0,0
Marcel Correia,0,0
Jack Stephens,1,1
Martin Olsson,0,0
Ruslan Malinovskyi,1,1
Julio Alberto Barroso,0,0
Kaan Ayhan,1,1
Alexander Ring,0,1
Michael John Lema,0,0
Joona Toivio,0,0
Ziyad Al Sahafi,0,0
Stefano Moreo,0,0
Mirko Carretta,0,0
Jardel Nivaldo Vieira,1,1
Hamed Junior Traorè,2,2
Joe Tupper,0,0
Kemal Ademi,0,0
Te Atawhai Hudson-Wihongi,0,0
Petr Čech,1,1
那须 大亮,0,0
贺惯,0,0
Walter Ponce,1,1
Andrew Taylor,0,0
Lorenzo Faravelli,0,0
赵宏略,0,0
Andrew Mills,0,0
Alexandre De Bruyn,0,0
Servando Carrasco,0,0
Lee  Burge,0,0
徳重 健太,0,0
Tiago Casasola,0,0
Ezequiel Iván Lavezzi,1,1
Dominic Calvert-Lewin,2,1
Christophe Hérelle,1,1
Leandro Nicolás Díaz,0,0
이상기 李相吉,0,0
Nikolay Bodurov,0,0
Jean Thierry Lazare Amani,1,1
Kees Luijckx,0,0
Mokhtar Belkhiter,0,0
Kevin Trapp,2,1
Sam Francis Schreck,1,1
Alejandro Martínez Sánchez,0,0
Julian Schieber,0,0
Brice Dja Djédjé,0,0
Domen Crnigoj,0,0
Karol Mets,0,0
William Silva de Carvalho,2,2
Markus Lackner,0,0
Mateo Kovačić,2,2
Hugo Mallo Novegil,1,1
Răzvan Marin,2,1
Rubén García Santos,1,1
Roger Ibañez Da Silva,1,0
Richard Foster,0,0
Rafael Romo,0,0
Martin Kelly,0,0
Lisandro Magallán,1,1
Roy Krishna,0,0
István Kovács,0,0
Wolke Janssens,0,0
Niko Gießelmann,0,0
Jordy  de Wijs,0,0
Luca Mora,0,0
David Ousted,0,0
Sereso Geoffroy Gonzaroua Dié,0,0
Matteo Tosetti,0,0
Samba Camara,0,0
Alejandro Saúl Chumacero Bracamonte,0,0
Fernando Ezequiel Juárez,0,0
Jesse Lingard,2,2
三浦 龍輝,0,0
Nicolás Zedán,0,0
Chris Odoi-Atsem,0,0
丁海峰,0,0
Jonas Meiser,0,0
曹阳,0,0
Kevin Müller,0,0
Steffen Schäfer,0,0
Yesus Segundo Cabrera Ramírez,0,0
R. Nicholas Porfírio Jardim,0,0
Arthur Gnahoua,0,0
Antonino Ragusa,0,0
Pablo Pérez Rodríguez,0,0
Jean-Philippe Mateta,2,2
Julio Buffarini,0,0
김우석 金武胜,0,0
Ismail Musalami,0,0
Harry Maguire,2,2
Konrad Laimer,2,2
Nawaf Al Harthi,0,0
Manuel Schäffler,0,0
David  Henen,0,0
Lisandro López,0,0
Alex Castro,0,0
Leo Erik Jean Cornic,0,0
Zain Westbrooke,0,0
Raphael da Silva Arruda,0,0
Brilliant Khuzwayo,0,0
杜长杰,0,0
Komnen Andrić,1,0
Oriol Rosell Argerich,0,0
Lucas Nahuel Rodríguez,0,0
Jonathan Calleri,2,1
Muammer Yıldırım,0,0
Haris Hyseni,0,0
Gabriel Rojas,0,1
Jack Sims,0,0
Fernando Seoane Antelo,0,0
阿部 勇樹,0,0
Mattia Zennaro,0,0
Antonio José Raillo Arenas,0,0
Stefan Rakowitz,0,0
Rui Pedro Oliveira da Silva,0,0
Josip Radošević,0,0
Marcus Maddison,0,0
Mirko Salvi,0,0
Filip Krovinović,2,2
Darius Charles,0,0
Gerardo Flores Zúñiga,0,0
Bukayo Saka,2,2
Benjamin Mines,0,1
中坂 勇哉,0,0
安井 拓也,0,0
Tim Wiesner,0,0
Rayed Al Ghamdi,0,0
Erick Gutiérrez,2,2
Tim Krul,0,0
Ömer Ali Şahiner,0,0
Deivy Alexander Balanta Abonía,0,0
Juan Delgado Sirvent,0,0
Alexis Pedro Canelo,0,0
Éver Maximiliano David Banega,2,2
George Marsh,0,0
Adama Sarr,0,0
Dennis Jastrzembski,2,2
Jamie Devitt,0,0
Adi Nalic,0,0
Lawrence  Thomas,0,0
Conor Coventry,0,0
Lorenzo Crisetig,1,1
Ángel García Cabezali,0,0
Enzio Leandro Julião Morrinhos,0,0
Federico Matías Falcone,0,0
Bakary Sako,0,0
Carlos Herrera,0,0
Ioannis Gelios,0,0
刘越,0,0
Fawaz Al Sagour,0,0
Jamie Mackie,0,0
曹永竞,0,0
Gideon Mensah,0,0
Ricky Miller,0,0
Mariano Omar Barbieri,0,0
Patrick Sontheimer,1,0
Florian Ayé,0,0
Christopher Giuliani,0,0
Valentin Belon,0,0
Alam Cristian Araújo Martins,0,0
홍정남 洪正男,0,0
Mauro Gabriel Ortiz,0,0
Keane Lewis-Potter,0,0
Mamadou Sylla Diallo,0,0
野田 隆之介,0,0
Óscar Eduardo Rodas Vargas,0,0
Pedro António Pereira Gonçalves,0,0
Danny Mullen,0,0
Henry Onyekuru,2,2
Michael Timlin,0,0
Harmeet Singh,0,0
Patric Klandt,0,0
Adam Ryczkowski,0,0
Alonso René Zamora Barrera,0,0
김창수 金昌洙,0,0
Erdem Şen,0,0
Mads Frøkjær-Jensen,0,0
Julian Chabot,1,1
Enzo Le Fée,0,0
Marco Jhonnier Pérez Murillo,0,0
Donovan Wilson,0,0
Shayon Harrison,0,0
Víctor Salazar,0,1
Simone Aresti,0,0
仲川 輝人,0,0
Alan Javier Franco,2,2
Glenn Morris,0,0
Joe Bennett,0,0
Lamine Fomba,1,1
黒木 聖仁,0,0
Phil Jagielka,1,1
Marco Davide Faraoni,0,0
吴庆,0,0
Hasan Batuhan Artarslan,0,0
Robert Milsom,0,0
Randell Williams,0,0
Jesús María Herrero Gómez,0,0
Siphosakhe Ntiya-Ntiya,0,0
Carlos Salcedo,1,1
Reyer van Doorn,0,0
Moritz Fritz,0,0
Erling Knudtzon,0,0
César Falletti,0,0
Jonathan Guillermo Nuñez Espinoza,0,0
Ibrahim Al Zubaidi,0,0
Jeisson Andrés Palacios Palacios,0,0
Andrew  Davies,0,0
Rafael Eduardo Costa,0,0
Adam Tymiński,0,0
Maximiliano Ramón Martínez,0,0
João Paulo Kuspiosz,0,0
Jacopo Petriccione,0,0
Nicola Dalmonte,1,1
Luis Nery Caballero Chamorro,0,0
Nick Blackman,0,0
Christer Gustafsson,0,0
Matej Delač,0,0
Martín Lara,0,0
Guillermo Ortíz,1,1
Andreas Gruber,0,0
Dorian Bertrand,0,0
Hugo Magnetti,0,0
Igor Rossi Branco,0,0
Jonatan Tollås Nation,0,0
Mathias Lopez,0,0
Papiss Mison Djilobodji,0,0
Juan Manuel Sánchez Miño,0,0
Iyayi Believe Atiemwen,1,1
Alberto Varó Lara,0,0
Yannik Bangsow,0,0
秋元 陽太,0,0
Mikey Ambrose,0,0
Cameron McGeehan,0,0
Michael O'Connor,0,0
Jeremain Lens,1,1
Dariusz Szczerbal,0,0
Gordon Wild,0,0
이준희 Joon Hee Lee,0,0
Omar Mascarell González,1,1
Jacob Lungi Sørensen,0,0
Amar Hodžić,0,0
Destan Bajselmani,0,0
Malkom Moënza,0,0
Víctor Rodríguez,0,0
Jonathan Aspropotamitis,0,0
Darwin Adelso Cerén Delgado,0,0
Bright Edomwonyi,0,0
Aminu Umar,1,1
Sebastián Coris Cardeñosa,0,0
Emir Dilaver,0,0
Osama Malik,0,0
Emil Forsberg,2,2
Vasil Georgiev Bozhikov,0,0
Borja Iglesias Quintas,1,1
Oğuz Kağan Güçtekin,1,1
Emil Harloff,0,0
Jordan Teze,1,1
오재석 吴宰硕,0,0
Grischa Prömel,1,1
Nils Körber,1,1
Holger Badstuber,0,0
Keanan Bennetts,0,1
Adam Hammill,0,0
Berat Şahiner,0,0
Bruno Écuélé Manga,0,0
Jonaldo Kauã Santoso Jasper,0,0
Ahmed Kashi,0,0
Gustavo Rafael Lobateiro Gomes,0,0
Tunay Torun,0,0
Mujahid Al Mania,0,0
Bright Osayi-Samuel,0,0
Uche Ikpeazu,0,0
Miguel Ángel Nazarit Mina,1,1
Aleksandar Cvetković,0,0
Genta Ito,0,0
Cameron Carter-Vickers,1,1
Felipe Nicolás Avenatti,1,0
Bryan Acosta,1,0
Philippos Selkos,0,0
Richard Strebinger,1,1
Nuno Miguel Prata Coelho,0,0
Claudio Jopia,0,0
Dominik Kotarski,1,1
Jimmy Briand,0,0
Thomas Kaminski,0,0
Arnaud Balijon,0,0
Carlos Daniel López Huesca,0,0
Florentino Morris Luís,2,2
Abdul Razak,0,0
Sergio Villarreal,0,0
Steven Skrzybski,0,0
Haitam Aleesami,0,0
René Román Hinojo,0,0
Craig Curran,0,0
Enej Jelenič,0,0
Sandi Lovric,0,0
Maciej Makuszewski,0,0
Nazariy Rusyn,1,1
Alefe Santos,0,0
Regan Griffiths,0,0
Jason Beaulieu,0,0
Alan Medina,0,0
Dennis Aogo,0,0
Stephen Kingsley,0,0
Héctor Hernández Marrero,0,0
Alexander Bono,0,0
Rodrigo Éder Serpa Conceição,0,0
Tanju Öztürk,0,0
Gastón Claudio Corvalán,0,0
Mohammed Al Rubaie,0,0
Miguel Ângelo da Silva Rocha,1,1
Sebastian Rudy,1,1
Michael Lumb,0,0
Cyriac Gohi Bi Zoro,0,0
Nicola Murru,1,1
川井 歩,0,0
Stalin Motta,0,0
지동원 池东沅,0,0
刘恒,0,0
Craig Mackail-Smith,0,0
Danny Simpson,0,0
Korbinian Burger,0,0
Léiner de Jesús Escalante Escorcia,0,0
Carles Aleñá Castillo,2,2
Dylan Gissi,0,0
Gaël Kakuta,0,0
宮崎 幾笑,0,0
Christian Kouan,1,1
Oliver Sail,0,0
César Jasib Montes Castro,1,1
Óscar Romero,1,1
Reece Hutchinson,0,1
Atakan Akkaynak,1,1
Mathieu Coutadeur,0,0
Tobias Lillevold Johnsen,0,0
Alexis Sevestre,0,0
Patryk Lipski,0,0
Ahmed El Messaoudi,0,0
Marvin Ajani,0,0
Scott Tiffoney,0,0
Iván Jared Moreno Füguemann,0,0
Lasse Sobiech,0,0
Bořek Dočkal,0,0
Jacob  Melling,0,0
Sebastian Jung,0,0
Gaëtan Robail,0,0
David Cornell,0,0
Kingsley Schindler,1,0
Happy Jele,0,0
Mike Owusu,0,0
Stephen O'Donnell,0,0
Bruno Méndez,1,1
Alex Ferrari,0,0
Dario Marzino,0,0
Corry Evans,0,0
Robin  Lauwers,0,0
Burak Çamoğlu,0,0
Petar Škuletić,0,0
Cecilio Nauzet Pérez González,0,0
Christoph Leitgeb,0,0
Rémy Dugimont,0,0
Edward Chilufya,0,0
Duncan Watmore,0,0
Mahlon Beresford Baker Romeo,0,1
Charles Pickel,1,1
Gurpreet Singh Sandhu,0,0
Merveille Bope Bokadi,0,0
Santiago Lionel Ascacíbar,2,2
Sadek Jordan Chebel Faucher,0,0
Diego Barreto,0,0
Leonardo Nicolás Povea Pérez,0,0
张思鹏,0,0
Bjørn Paulsen,0,0
Jarosław Kubicki,0,0
Guilherme Arana Lopes,2,1
Jan Bamert,1,1
Viktor Vasin,1,1
Alihan Kubalas,0,0
Geisson Perea,0,0
Daryl Horgan,0,0
Carlos Alberto Carvalho Silva Jr.,1,1
Axel Bamba,0,1
Dayro Mauricio Moreno Galindo,0,0
Diogo dos Santos Cabral,0,0
Donny Gorter,0,0
Aaron Wan-Bissaka,2,2
Lasse Vibe,0,0
Manasse Mampala,1,1
Konstantinos Tsimikas,1,1
Danny Pérez,1,1
Wissam Ben Yedder,2,1
Andries Noppert,0,0
Neal Bishop,0,0
Erik Morán Arribas,0,0
Maycon de Andrade Barberan,2,2
Mads Kikkenborg,0,0
Kevin Behrens,0,0
Sabin Merino Zuloaga,1,0
Jamerson Santos de Jesus,0,0
Stefanos Kapino,1,1
Pol Mikel Lirola Kosok,1,1
Bruno Eduardo Regufe Alves,0,0
Darren Randolph,0,0
Michael David Barrios Puerta,0,0
Fabien Lemoine,0,0
Yilton Díaz,0,0
Masood Bekheet,0,0
Yann Bodiger,1,1
Patrik Karlsson Lagemyr,0,0
Oscar Fernando Salinas Aguilar,0,0
Jean-David Beauguel,0,0
Leon Müller,0,0
Wendell Nascimento Borges,1,1
Kevin Hoffmann,0,0
Julian Korb,0,0
Mert Kuleli,0,0
Ken Reichel,0,0
Tomás Sandoval,1,1
Darren Oldaker,0,0
Carlos Andrés Villanueva Roland,0,0
Nikola Đurđić,0,0
Claudio Ever Silbeiro Martins,0,0
Matthias Morys,0,0
Lucas Ferraz Vila,0,0
高迪,0,0
Gilberto García Olarte,0,0
Scott Brown,0,0
Edgar Mauricio Gómez Sánchez,0,0
Marin Leovac,0,0
Dominik Plechatý,1,0
Göktuğ Kımışır,0,0
周海滨,0,0
David Edwards,0,0
Mehdi Bourabia,0,0
Connor Goldson,1,1
Samuel Habergham,0,0
Daniel Rose,0,0
Timothy Eyoma,0,1
Roberto Jesus Machado Beto Alves,0,0
Eroll Zejnullahu,0,0
Ed Francis,0,0
Tomás Federico,0,0
罗歆,0,0
Valtteri Vesiaho,0,0
Jannik Bandowski,0,0
Borja Galán González,0,0
Rafael Dumas Ribeiro,0,0
권순태 权纯泰,0,0
Benjamin Nygren,1,0
Dennis Daube,0,0
Angel Gomes,2,2
Diego Abella,0,0
Álvaro García Segovia,1,0
Alexander Blomqvist,0,0
Mário Rui Silva Duarte,1,1
유상훈 柳相勋,0,0
Filippo Bandinelli,1,1
Nasiru Mohammed,0,0
Jadon Sancho,2,2
Francisco Casilla Cortés,1,1
Hugo Andersson,0,0
Ayrton Lucas Dantas de Medeiros,1,2
Nicholas Pierini,1,1
Mickaël Tacalfred,0,0
Hidde Jurjus,0,0
Hamdan Al Shamrani,0,0
Asamoah Gyan,0,0
Enner Valencia,0,0
Christopher Maxwell,0,0
Callum  McManaman,0,0
Ignacio Peña Sotorres,1,1
Thomas Fontaine,0,0
Yahya Khormi,0,0
Martin Skjelbreid Ellingsen,0,0
Kamohelo Mokotjo,0,0
Danny Ward,1,0
Ibrahima Mbaye,1,1
Brede Mathias Moe,0,0
Viktor Tranberg,0,0
Iuliano Wagner Alfaro Azevedo,0,0
陈杰,0,0
Alexander Kofler,0,0
Rodrigo Andrés Battaglia,1,1
Marvin Ducksch,1,0
Nahuel Yeri,0,0
Angus MacDonald,0,0
임은수 Eun Soo Lim,0,0
Slavi Spasov,0,0
Alejandro Bedoya,0,0
이명재 李明载,0,0
Regan Slater,0,0
Eero Markkanen,0,0
Arthur Iontton,0,0
Christophe Kerbrat,0,0
Jerónimo Pourtau,0,1
Mark van der Maarel,0,0
Zak Jules,0,0
Samed Yeşil,0,0
Cian Harries,0,0
Moreno Costanzo,0,0
Fabio  Alves Macedo,0,0
Thomas Vermaelen,1,1
Ahmed Al Shamrani,0,0
Jordan Allen,0,0
Carlos Auzqui,0,0
Emiliano Amor,1,1
Muhammed Emin Balcılar,0,0
Jack Duncan,0,0
Miro Muheim,0,0
Jan Szpaderski,0,0
Aaron Hunt,0,0
Mats  Møller Dæhli,1,1
小川 大貴,0,0
Sander Berge,2,2
Collin Martin,0,0
Steven Old,0,0
Kieron Dawes,0,0
Pádraig Amond,0,0
Lloyd Jones,0,0
Selim Bengriba,0,0
Cristian Ignacio Herrera Pérez,0,0
Cristian Nahuel Barrios,2,1
Togo Umeda,0,0
Ngoran Suiru Fai Collins,0,0
Ruben Aguilar,1,1
Serdar Gürler,0,0
Lachlan Jackson,0,0
Vato Arveladze,0,0
Julio José González Vela-Alvizu,0,0
Rasmus Alm,0,0
Darron  Gibson,0,0
Franco Cristaldo,0,0
Michel Aebischer,0,0
Patrick Ferreira Souza,0,0
José María Callejón Bueno,2,2
Fredrik Aursnes,0,0
김용대 金大勇,0,0
Emmanuel Arias,0,0
Abdulrahman Al Obud,0,0
Jon Bautista Orgilles,1,1
Luca Parodi,0,0
Eric Verstappen,0,0
Kevin-Prince Boateng,1,1
Daniel Royer,0,0
Federico Marín,0,0
Ramiro Costa,0,0
Fabian Schleusener,0,0
Pablo Ignacio Corral Mondaca,0,0
El-Hadji  Gana Kane,0,0
Rawez Lawan,0,0
Odisseas Vlachodimos,2,2
Brendan Hines-Ike,0,0
Dorian Dessoleil,0,0
Lino Tempelmann,0,0
Rodolfo Pizarro,1,1
Marokhy Ndione,0,0
Gian Filippo Felicioli,0,0
南野 拓実,1,1
Jairo Ralph Resende dos Santos,0,0
Tomás O'Connor,0,0
関口 訓充,0,0
Urby Emanuelson,0,0
Gethin Jones,0,0
Dan Ward,0,0
Yari Otto,0,0
Marko Livaja,1,1
Nicolas Pallois,1,1
Herman Hallberg,0,0
Václav Černý,0,0
Christian Mbulu,0,0
Césario Marco Figueirido Pesso,0,0
Paul Hanlon,0,0
Antonio Balzano,0,0
Marc Richards,0,0
Patrick Roberts,2,1
Vegar Eggen Hedenstad,0,0
Jown Cardona,0,0
Anthony Knockaert,0,0
신세계 申西桂,0,0
井手 口陽介,0,1
Francisco Grahl,0,0
Martín Vladimir Rodríguez Torrejón,0,0
Jaime Carreño,1,1
Alejandro Romero Gamarra,1,1
Paulo Retre,0,0
Fabián Héctor Sambueza,0,0
Brendan Clarke,0,0
Houssem Aouar,2,2
Danilson da Cruz Gomes,0,0
Makana Baku,1,0
Emil Riis Jakobsen,0,0
Pietro Di Nardo,0,0
Anton Tideman,0,0
Florian Jozefzoon,0,0
Mauro Matías Zárate,1,1
Iñigo Vicente Elorduy,1,1
Lucas Ocampos,2,1
Marius Lode,0,0
Emmanuel Badu,0,0
Bruno Miguel Carvalho Andrade,0,0
蒋亮,0,0
Sebastián Felipe Guzmán Mendoza,0,0
Marley Blair,0,0
Pol Llonch Puyaltó,0,0
Kelvin Etuhu,0,0
Vasil Kušej,1,1
Phil Jones,1,1
古林 将太,0,0
Celil Yüksel,0,0
Ferhan Hasani,0,0
Rogerio Caicedo,0,0
John Russell,0,0
Ian Henderson,0,0
于子千,0,0
Sedat Ağçay,0,0
Jesús Corona,1,1
王子铭,0,0
Chinedum Onuoha,0,0
Wai-Tsun Dai,0,0
Luis Cardoza,0,0
Daryl Fordyce,0,0
Diego da Silva Costa,2,2
Mateusz Szczepaniak,0,0
Francisco Cerro,0,0
Jonas Mortensen,0,0
Arda Turan,0,0
Juan Ferney Otero Tovar,1,1
Andriy Totovytskyi,0,0
Rekeil Pyke,0,0
Victorino M. Magela Sá,0,0
Víctor Álvarez Rozada,1,1
Kyle Dempsey,0,0
유인수 禹仁秀,0,0
Mason Mount,2,2
Etienne Amenyido,0,0
Marc Roca Junqué,2,2
Luis Alfonso Ureta Medina,0,0
Panajotis Dimitriadis,0,0
Geoff Cameron,0,0
Jonas Svensson,0,1
Mario Nicolás Abenza,0,0
Alberto Moreno Pérez,0,1
Tom Lawrence,0,0
Thiago Xavier Rodrigues Corrêa,0,0
Fernando Daniel Belluschi,0,0
Imoh Ezekiel,0,0
Jannis Kübler,1,1
Jovan Vidović,0,0
Luke Gambin,0,0
Florian Baak,0,0
Brad Smith,0,0
Mickaël Alphonse,0,0
Cyrus Christie,0,0
Bruce Kamau,0,0
Ibrahima Conté,0,0
Matt Worthington,0,0
Reza Ghoochannejhad Nournia,0,0
Dominique Guidi,0,0
Flavio Emmanuel Lopes Paixão,0,0
Admir Mehmedi,1,1
Andreas Hollingen,0,0
小野瀬 康介,0,0
Mohammed Jahfali,0,0
Mike Havekotte,0,0
Liam Smyth,0,0
Urko Vera Mateos,0,0
Majeed Ashimeru,0,0
向汉天,0,0
Jáider Alfonso Riquett Molina,0,0
Gustavo Affonso Sauerbeck,0,0
Matvei Igonen,0,0
César Ignacio Pinares Tamayo,0,0
Luis Miguel Noriega,0,0
Antonio Alejandro Otero Orejuéla,0,0
Joan Jordán Moreno,2,2
Dinko Horkaš,0,0
中川 寛斗,0,0
Scott Jamieson,0,0
Brice Ntambwe,0,0
Abdoulaye Ba,0,0
Dion Donohue,0,0
Filip Piszczek,0,0
Maxime Busi,0,0
Wes Morgan,0,0
Juan Esteban Moreno Córdoba,0,0
Roman Tugarev,0,0
Sergio Germán Romero,1,1
Guillermo Fernández Hierro,0,0
Matías Borquez,0,0
Saleh Al Saeed,0,0
Cameron Borthwick-Jackson,0,0
Oliver Sorg,0,0
August Mikkelsen,0,0
Josh Vela,0,0
Ezequiel Marcelo Garay,1,1
Anton-Leander Donkor,0,0
Mats Rits,1,1
Efthimios Koulouris,1,1
阿波加 俊太,0,0
박용우 朴镕宇,0,0
Júlio César de Freitas Filho,1,0
Diego Perotti,1,1
Okan Kocuk,0,0
George Nyiko Maluleka,0,0
Michael Parkhurst,0,0
José Ángel Pozo la Rosa,1,1
Igor Zubeldia Elorza,2,1
Guy-Roland Ndy Assembe,0,0
Miguel René Ortega Rodríguez,0,0
Nicolás Bertocchi,0,0
Sebastian  Lletget,0,0
Ethan Ampadu,2,2
河井 陽介,0,0
Nico Hammann,0,0
Nicolas Jenssen,0,0
Adrien Rabiot,2,2
山本 康裕,0,0
Marvin Stefaniak,0,0
Matías Pérez Acuña,0,0
Jordan Torunarigha,1,2
Tom Barkhuizen,0,0
Kenneth Yao,0,0
Michael Cooper,0,1
Glenn  Whelan,0,0
Marco Festa,0,0
Davinson Sánchez,2,2
Mark Hughes,0,0
Dušan Cvetinović,0,0
Federico Javier Santander Mereles,0,0
Joe Rothwell,0,0
Nikolai Rehnen,0,0
Andrea Poli,1,1
Pablo Jaquez,0,0
Gavin Gunning,0,0
Guus Hupperts,0,0
Jacob Christensen,1,0
Josh Meekings,0,0
Francisco José Rodríguez Gaitán,0,0
Kacper Przybyłko,0,0
Brian Chevreuil,0,0
Daler Kuzyaev,0,1
Zoltán Stieber,0,0
Konstantinos Dimitriou,0,0
王选宏,0,0
川浪 吾郎,0,0
Ergys Kaçe,0,0
Dániel Gazdag,1,0
Keaton Ward,0,0
Jambul Jigauri,0,0
Robert Acquafresca,0,0
Elijah Adebayo,0,0
Yasin Öztekin,0,0
Helmer Andersson,0,0
Simone Barone,0,0
이우혁 李愚赫,0,0
Wilker José Ángel Romero,1,1
Raphael Ayagwa,0,0
Jae Hee Jeong,0,0
Simone Padoin,0,0
Daniel Grant,0,0
Iker Undabarrena Martínez,1,1
Elohim Rolland,0,0
Naif Abdullah Hazazi,0,0
Mark Oxley,0,0
Carlos Ariel Luna,0,0
Tracy Mpati,0,0
Alexis Alejandro Sánchez Sánchez,2,2
Taofiq Jibril,1,0
Matteo Ricci,0,0
Terrence Boyd,0,0
Michael Klass,0,0
Christopher Operi,0,0
Jandrei Chitolina Carniel,0,1
Hicham Faik,0,0
Carlos Sebastián Sosa Silva,0,0
Zachary Dearnley,0,0
Sergio Álvarez Díaz,0,1
Luis Carlos Fariña Olivera,0,0
Silvan Sidler,0,0
Matti Lund Nielsen,0,0
Freddy Salazar,1,1
Andrés Chávez,0,0
Chiedozie Ogbene,0,0
Sebastian De Maio,1,1
Tom Hateley,0,0
Jesse Schuurman,0,0
毛昊禹,0,0
Corey O'Keeffe,0,0
Tomás Pablo Astaburuaga Montoya,0,0
한승욱 Seung Wook Han,0,0
Christopher Dilo,0,0
Ivan Kecojević,0,0
José Daniel Octavio Guerrero Rodríguez,0,0
Sergio Rico González,2,1
Maxime Pattier,0,0
Yoëll van Nieff,0,0
Jonathan Augustinsson,0,0
Lucas E. Santana de Oliveira,1,1
Breno Vicente Laranjeiro Rosan,0,0
Jeremy Bokila,0,0
Fernando Luiz Rosa,2,2
Rody de Boer,1,1
Robin Singh,0,0
Andy Polo,0,0
Tobias Sippel,1,0
Toni Lindenhahn,0,0
Saúl Salcedo,2,1
Evandro Sérgio Rochedo Paulino,0,0
吕文君,0,0
Jordy Gaspar,0,0
Jan Hoekstra,0,0
Mimoun Mahi,1,0
Juan Berrocal González,1,1
Ludcinio Marengo,0,0
Nathan Byrne,0,0
Yuta Koike,0,0
Anthony Le Tallec,0,0
Dan-Patrick Poggenberg,0,0
Aias Aosman,0,0
Jérémy Perbet,0,0
Ched Evans,0,0
Florian Hart,0,0
Álvaro Lemos Collazo,0,0
Vedran Janjetović,0,0
Leonard Langhans,0,0
Christopher Brandeborn,0,0
Andrea Accardi,0,0
Ismahil Akinade,0,0
José Castaño Muñoz,0,0
Driss Trichard,0,0
Fard Ibrahim,0,0
Tony Rocha,0,0
Niki Mäenpää,0,0
Will Norris,0,0
Iñigo Lekue Martínez,1,1
Aaron Bolger,0,1
Andriy Lunin,2,2
Daniel Wein,0,0
Robert Mazáň,0,0
Hakim El Mokeddem,0,0
Wanderson de Macedo Costa,0,0
Bryan Gil Salvatierra,1,1
Nuno Miguel Adro Tomás,0,0
Pelle Clement,0,0
Teun Koopmeiners,1,1
Troy Brown,0,0
Tarek Elrich,0,0
Luis Manuel García Palomera,0,0
Miguel Jiménez Ponce,0,0
Khaled Al Samiri,0,0
Gerónimo Tomasetti,0,0
Carlos Idriss Kameni,0,0
Ryan Allsop,0,0
Andreas Blomqvist,0,0
Robin Tranberg,0,0
Ilzat Akhmetov,1,1
Bailey Wright,0,0
Tristan Dekker,0,0
Francis Baptiste,0,0
Souleyman Doumbia,0,0
Nabil Alioui,0,0
Joe Powell,0,0
泽田 崇,0,0
Juan José Echave,0,0
Łukasz Fabiański,1,1
Enrique González Casín,0,0
Theofanis Tzandaris,0,0
Andrea Schenetti,0,0
Nair Tiknizyan,0,0
Semih Kaya,0,0
Ryan Swan,0,0
伊藤 宏樹,0,0
Aaron Simpson,0,0
Marc Aguado Pallarés,1,1
Felicio Anando Brown Forbes,0,0
Salvador Sánchez Ponce,0,0
Atalay Babacan,1,0
伊藤 達哉,1,1
Facundo Nadalín,0,0
Alessandro Bernardini,0,0
Gustavo Daniel Cabral Cáceres,0,0
Paul Reulet,0,0
Robin Mantel,0,0
Zachary Elbouzedi,0,0
Eggert Gunnthor Jonsson,0,0
Damien Perquis,0,0
Jefferson Jailer Torres Torres,0,0
Tyler Walker,1,0
David Blacha,0,0
Miguel Ángel Fraga Licona,0,0
Lucas Digne,2,2
Bruno Martella,0,0
Reuven Niemeijer,0,0
藤田 義明,0,0
Harun Alpsoy,0,1
Marcos Robson Cipriano,1,1
James Marcinkowski,0,0
Semir Ucar,0,0
Serge Aurier,1,2
Mohamed Medfai,0,0
Fatih Öztürk,0,0
Mark Tyler,0,0
Tapmahoe Sopacua,0,0
Omar Eddahri,0,0
Leutrim Kryeziu,0,0
Philemon Ofosu-Ayeh,0,0
Réginal Goreux,0,0
Cristiano da Silva,0,0
Leonardo Agustín Sánchez,0,0
Felix Agu,0,0
川邉 骏,0,0
Dan Gosling,0,0
Marius Willsch,0,0
Julien Cétout,0,0
Jonathan Bolingi Mpangi Merikani,0,0
Iago Azevedo dos Santos,0,0
Dimitri Cavaré,0,0
Hassan Tombakti,0,0
Vegard  Leikvoll Moberg,0,0
Raffaele Maiello,0,0
Julius Tauriainen,0,0
Juan Barrera,0,0
Alexis Vega,1,1
Juan Sánchez Purata,0,0
Tobias Koch,0,0
Emil Salomonsson,0,0
Robin Krauße,0,0
Mike van Duinen,0,0
食野 亮太郎,0,0
Sébastien Pocognoli,0,0
Nahum Gómez Del Rosal,0,0
John-Joe O'Toole,0,0
Jhon Alexander Cano Angulo,0,0
Marcus Maier,0,0
Dan Scarr,0,0
Alan Jesús Acosta Montañez,1,1
Riku Riski,0,0
Christopher Jullien,1,0
Barry Murphy,0,0
Uğur Demirok,0,0
Djamel Eddine Benlamri,0,0
Tamer Haj Mohamad,0,0
Michael D'Eramo,0,0
Robert Kiernan,0,0
Bader Mansour Al Seliteen,0,0
Andrés Sebastián Robles Fuentes,0,0
Enaldo Diogo Barbosa Prazeres,0,0
Souleymane Karamoko,0,0
Javier Urzúa,0,1
Uffe Manich Bech,0,0
Jakub Słowik,0,0
Michał Żyro,0,0
Da Conceição Fernando Henrique,1,1
Emiliano Velázquez,1,1
Sekou Gassama Cissokho,0,0
Andrew McGovern,0,0
Igor Lichnovsky Osorio,1,1
Mariano Julio Izco,0,0
Elvis Saric,0,0
Jaime Tomás Abravanel Mestres,0,0
Martín Campaña,1,1
Assis Giovanaz,0,0
Benjamin Källman,0,0
Óliver Torres Muñoz,2,2
Neftali Manzambi,1,1
Salam Ranjan Singh,0,0
Johannes Dörfler,0,0
Oğuzhan Aydoğan,0,0
Carlos Lampe,0,0
Franco Russo,0,0
Edenildo Eloi Lagoas Regalo,0,0
Alejandro Sánchez,0,0
Josh Tymon,0,1
Leonardo Miguel Freijão Jasper,0,0
Rafael Schuler Crivellaro,0,0
Alexander Hartmann Bah,0,0
Christian Bassogog,1,1
Mathias Fetsch,0,0
Vinícius Ferreira Dias,0,0
Lucas Lima Linhares,0,0
Jordan Murray,0,0
서명원 徐明原,0,0
Fabian Delph,1,1
Joaquín Miralles Sanz,0,0
Jonathan Suárez,0,0
Mërgim Berisha,0,0
Yuri Berchiche Izeta,1,1
José Érik Correa Villero,0,0
Rodrigo Galo Brito,0,0
Kingsley Dogo Michael,2,2
Steeven Willems,0,0
Badr Bashir,0,0
Yerko Mauricio Aguila Bastías,0,0
Jailson Michel Caeiro Meireles,0,0
Franco Pizzicanella,0,0
Guillaume Gigliotti,0,0
张宇峰,0,0
Thiago Henrique Mendes Ribeiro,1,2
Kévin Goba,0,0
Vahid Amiri,0,0
Christian Nørgaard,1,1
Emmanuel Sabbi,1,0
Maximilian Oesterhelweg,0,0
Séamus Coleman,1,1
José Egas dos Santos Branco,0,0
黄紫昌,0,0
Erik Israelsson,0,0
Uroš Korun,0,0
Manuel Reina Rodríguez,0,0
Benjamin Moukandjo Bilé,1,1
Jake Jervis,0,0
Doğan Erdoğan,0,0
Manprit Sarkaria,0,0
John Fleck,0,0
Ayrton Preciado,0,0
Nikola Moro,1,1
Josh Risdon,0,0
Janik Jesgarzewski,0,0
Carles Planas Antolínez,0,1
Maciej Gajos,0,0
Christian Fuchs,0,0
Yuto Iwasaki,0,0
Guillaume Gillet,0,0
Jurgen Ekkelenkamp,1,1
Stuart Findlay,0,0
山中 亮輔,0,0
Musah Nuhu,0,0
Athanasios Androutsos,1,1
Abdullah Nasser Al Subaie,0,0
Enes Mahmutovic,0,0
Makis Giannikoglou,0,0
Marc Vito Brezmes,0,0
Matteo Bruscagin,0,0
Kasper Enghardt,0,0
Cristian Dell'Orco,0,0
Nico Mantl,0,0
Christophe Diedhiou,0,0
Manuel Thurnwald,0,0
Lucas González,0,0
Alhassan Yusuf,0,0
Harry Clifton,0,0
Olaf Nowak,0,0
Caio Gobbo Secco,0,0
Artur Ioniţă,0,0
Farid Alfonso Díaz Rhenals,0,0
Eliécer Yosimar Quiñónes Quiñónes,0,0
Kevin Pytlik,0,0
Franz Hermann Schultz Ramírez,0,0
Michael Olunga,1,1
Marlon Torres,0,0
Carlos Javier Abad Hernández Trujillo,0,1
Lucas Cavallini,1,1
Caleb Patterson-Sewell,0,0
Nicolás Enrique Ramírez Aguilera,1,1
Aatif Chahechouhe,0,0
김영권 金英权,0,0
Daniel Jiménez López,0,0
David Haro Iniesta,0,0
William Eskelinen,0,0
Álex Quintanilla Urionabarrenetxea,0,0
백동규 白栋圭,0,0
Marcus Bettinelli,0,1
Melvyn Lorenzen,0,0
Ashley Baker,0,0
Artur Jorge Marques Amorim,0,0
Jerrell Sellars,0,0
Marco André Silva Lopes Matias,0,0
Sean Heaney,0,0
Ibrahim Mahnashi,0,0
Gaetano Letizia,0,0
Michael Keane,2,1
Dimitar Evtimov,0,0
Hamed Al Ghamdi,1,0
Aaron Smith,0,0
Louis Bostyn,0,0
吴雷,0,0
Erik Hurtado,0,0
Thabo Matlaba,0,0
Filippo Falco,0,0
Nicolás Andereggen,1,1
Danny Morrissey,0,0
William Paul Yarbrough Story,0,0
铃木 吉竹,0,0
David Antonio Llanos Almonacid,0,0
Nelino José Tapia Gil,0,0
Milos Spasic,0,0
Jerry Mbakogu,1,0
Roni Peiponen,0,0
Ibrahim Drešević,0,0
Juan Guillermo Domínguez Cabezas,0,0
Jean-Ricner Bellegarde,0,1
Thomas Strakosha,2,2
Thomas Rodríguez,0,0
Nicolas Hunziker,0,0
Christian Camilo Mafla Rebellón,0,0
邓涵文,0,0
Maurício de Carvalho António,0,0
Frederik Nørgaard Hald,0,0
Juan Alejandro Mahecha Molina,0,0
Moses Opondo,0,0
Charles Lokoli-Ngoy,0,0
İlhan Parlak,0,0
Jonas Dakir,0,0
涉谷 飞翔,0,0
Omar Santana Cabrera,0,0
Bastien Héry,0,0
Fahad Al Rashidi,0,0
丹羽 大輝,0,0
Mathieu Debuchy,1,1
Leonardo Miguel Garcia Caldeira,0,0
Marvin  Schwäbe,0,0
林隆昌,0,0
이창근 李灿东,0,0
Francisco José Olivas Alba,0,0
Laureano Thomas Santeiro Marre,1,1
Ertuğrul Ersoy,1,1
Alexander Grünwald,0,0
Carlos Gerardo Rodríguez Serrano,0,0
于振,0,0
Geoffry Hairemans,0,0
Domagoj Vida,1,1
Juan del Cármen Cámara Mesa,0,0
Matías Zaldivia,0,0
Hamad Al Mansour,0,0
Serigne Mor Mbaye,0,0
Manuel Barreiro Bustelo,0,0
胡靖航,0,0
Clinton Antwi,0,0
Alphonse Areola,2,2
Ángel Luís Rodríguez Díaz,1,1
Anthony Barylla,0,0
Joe Williams,1,1
Lars Nieuwpoort,0,0
Justo Wilmar Villar Viveros,0,1
Ioannis Mystakidis,0,0
Didier Andrés Moreno Asprilla,0,0
Samir Ramizi,0,0
Brian Rowe,0,0
Sari Amro,0,0
Jens Odgaard,1,1
Thomas Bröker,0,0
Cristian Alejandro Cuevas Jara,0,0
Junior Ogedi-Uzokwe,0,0
César Eduardo Cercado Luna,0,0
Diego Rossi,2,2
Ismael Patrice Koné,0,0
Melvin Luan Parrela Porfírio,1,1
Frans Dhia Putros,0,0
Carlos Miguel Coronel,0,0
Antonaldo V. Laforte Beretta,0,0
Alfred Planas Moyà,0,0
Ivan Ordets,1,1
노동건 卢东件,0,0
Carles Gil Pareja,1,0
Hernán Tifner,0,0
Rubén Sobrino Pozuelo,1,1
Matty Blair,0,0
Jan-Niklas Pia,0,0
Michael McGlinchey,0,0
Enzo Pauchet,0,0
Andrew Robertson,2,2
Killian Brouder,0,0
Carlos Ruiz Aránega,0,0
Orbelín Pineda Alvarado,1,1
Luís Hernández Rodríguez,0,0
Gustavo Ramón Mencia Dávalos,0,0
Eddie Nolan,0,0
Sean McConville,0,0
Matheus Jadson Vidigal Morais,0,0
Juan Musso,1,1
Mateusz Wieteska,0,0
Abumere Tafadzwa Ogogo,0,0
Troy Parrott,1,2
Dominik Kaiser,0,0
Asier Riesgo Unamuno,0,0
Daniel Raba Antolin,1,1
Aly Ghazal,0,0
Radosav Petrović,0,0
Federico Lértora,0,0
Christoffer Nyman,0,0
Gudmundur Andri Tryggvason,0,0
Ben Zolinski,0,0
Jonathan Tinhan,0,0
Servando Sánchez Barahona,0,0
Kyle Edwards,1,1
Sergi Samper Montañá,1,1
Mark Birighitti,0,0
Jayson Leutwiler,0,0
Tolgahan Acar,0,0
Gevaro Nepomuceno,0,0
Bruno André Cavaco Jordão,0,0
Benito Raman,1,1
Dylan Saint-Louis,0,0
Maciej Ambrosiewicz,0,0
André Martín Carrillo Díaz,1,1
Serge Wilfried Kanon,0,0
Taisei Miyashiro,0,0
Paul Charruau,0,0
Steven Petkov,0,0
Callum Hudson-Odoi,2,2
Kane Wilson,0,0
Moussa Niakhaté,1,1
Alejo Montero,0,0
Rodrigo Naranjo,0,0
Maximiliano Comba,0,0
Roberts Uldrikis,1,1
Min Ho Kim,0,0
Robbie Kruse,0,0
Ki-Jana Hoever,1,2
Sercan Sararer-Osuna,0,0
Dalbert Henrique Chagas Estevão,1,1
Cristian Sleiker Cásseres Yepes,1,1
Nasser Al Dajani,0,0
Romain Métanire,0,0
Ricardo Lopes Pereira,0,0
Phillip Tietz,0,0
Medjon Hoxha,0,0
Yussif Raman Chibsah,1,0
Rodrigo Eduardo Echeverría Sáez,1,0
Harold Moukoudi,1,1
Ailton Nuno Cardenhas Macedo,0,0
Hendrik Hansen,0,0
圍 謙太朗,0,0
Johan Vásquez,1,0
Prince-Désir Gouano,1,1
Walace Souza Silva,1,1
Macaulay Gillesphey,0,0
Tiémoué Bakayoko,2,2
Rayan Al Mousa,0,0
José Carlos Gonçalves Rodrigues,0,0
Daniel Adam Jarvis,0,0
Claudio Ezequiel Mosca,0,0
Reggie Cannon,1,1
Luciano Federico Acosta,1,1
Jelle Vossen,0,0
Ian Bermingham,0,0
Keinan Davis,1,0
Jailson Pietro Oliva Chiamulera,0,0
Albert Torras Crespo,0,0
Gustaf Nilsson,0,0
Constantin Frommann,0,0
Francisco Montañés Claverías,0,0
Alan Kardec de Souza Pereira Junior,0,0
Camilo Melivilú,0,0
René Vollath,0,0
Everton Ferreira Guimarães,0,0
Eulânio Ângelo Chipela Gomes,0,0
Manuel Marouan da Costa Trinidade,0,0
Gilles Arnaud Sutchuin Djoum,0,0
Lucas Deaux,0,0
Christophe Diandy,0,0
Seth Sinovic,0,0
Valentin Eysseric,1,1
Jakub Bartosiński,0,0
Wilfried Kanga,1,1
Naïm Sliti,1,1
Jake McGing,0,0
Reeve Frosler,1,1
Joaquín Novillo,0,0
张一,0,0
Thijmen Goppel,0,0
배슬기 裴雪基,0,0
Marco Migliorini,0,0
Billy Ketkeophomphone,0,0
Igor Łasicki,0,0
Kevin Conboy,0,0
Gastón Avila,1,1
Joel Qwiberg,0,0
Carlos Adilson Travisso Rocha,0,0
Jonathan dos Santos Ramírez,1,1
Francesco Migliore,0,0
David Milinković,0,0
Tobias Pilegaard Mikkelsen,0,0
Dylan Batubinsika,1,1
遠藤 翼,0,0
Sebastian Griesbeck,0,0
Philip Zinckernagel,0,0
Farid El Mellali,0,0
Nelson Acevedo,0,0
Diego Steven Gómez Maldonado,0,0
Jonathan Ludovic Biabiany,0,0
Omar Abdulaziz Al Sunain,0,0
Magnus Anbo Clausen,0,0
Curtis Good,0,0
Gabriel Zakuani,0,0
이용 李镕,0,0
Giovanni Sio,0,1
Tim Breukers,0,0
Kamil Dankowski,0,0
Ali Ceylan,0,0
Marcos Hernán Peano,0,0
Julio César Cascante Solórzano,0,0
Florian Rieder,0,0
Didier  Ndong Ibrahim,1,1
유지훈 Ji Hoon Yu,0,0
Aké Loba,1,1
木本 恭生,0,0
刘英臣,0,0
Gauthier Pinaud,0,0
William Fitzgerald,0,0
Farid Boulaya,0,0
Stephen Henderson,0,0
곽해성 Hae Seong Kwak,0,0
João Pedro Almeida Machado,0,0
Léo Schwechlen,0,0
Brian Nicolás Ruiz,0,0
Alexander Scholz,0,0
Kyle Smith,0,0
Armando Junior Vargas Morales,0,0
Yohan Croizet,0,0
Killian Sanson,0,0
Agostino Camigliano,0,0
Cian Walsh,0,0
Reeco Hackett-Fairchild,0,0
Hugo Rodallega Martínez,0,0
Víctor Milke,0,0
Luke Brattan,0,0
Simone Farelli,0,0
Nicolás Santiago Bertolo,0,0
Wesam Saleh Suwayyid,0,0
Ryan Ledson,1,1
Lucas Alfonso Orbán Alegre,0,0
Mehdi Boudjemaa,0,0
Hassan Ali Al Raheb,0,0
Taha Yalçıner,0,0
Jake Greatorex,0,0
Danilho Doekhi,0,0
Tom Davies,2,2
Stephen Hendrie,0,0
Ezequiel Osvaldo Cerutti,0,0
Filip Jagiełło,0,0
Rafael Durán,0,0
Bruno Sebastián Romo Rojas,0,0
Leonel Ferroni,0,0
Sören Eismann,0,0
Benjamin Edouardo Lambot,0,0
Ibrahim Al Talhi,0,0
David Webster,0,0
Alexander David González Sibulo,0,0
Boubacar Fofana,1,1
Dylan Chambost,0,0
Lucas Pedro Alves de Lima,1,1
Íñigo López Montaña,0,0
Fedor Chalov,2,2
Eoin Wearen,0,0
Ventura Alvarado,0,0
Stoppila Sunzu,0,0
Pierce Sweeney,0,0
Danny Blum,0,0
Dener Gomes Clemente,0,0
Aaron Opoku,1,1
Silvester van der Water,0,0
Shane O'Neill,0,0
Pierre-Daniel N'Guinda N'Diffon,0,0
王大雷,0,0
Giles Phillips,0,0
Jonathan Kodjia,0,0
王鑫,0,0
Connor Maloney,0,0
Dorukhan Toköz,0,0
Gabriel Martín Peñalba,0,0
Ander Barrenetxea,1,1
Adrian Mariappa,0,0
Julian-Maurice Derstroff,0,0
Jack Livesey,0,0
André Filipe Claro de Jesus,0,0
Oleksiy Shevchenko,0,0
Mathieu Dossevi,1,1
Luis Jesús Rioja González,0,0
Idekel Domínguez,0,0
Jeje Lalpekhlua,0,0
Jorge Resurrección Merodio,2,2
Ferland Mendy,2,2
Lourival Adnan Beretta Barbosa,2,2
Laurent Abergel,0,0
Paul Akouokou,0,0
Francesco Renzetti,0,0
Malcom Filipe Silva de Oliveira,2,2
Rogelio Gabriel Funes Mori,1,1
Diogo Ferreira Salomão,0,0
新井 光,0,0
水谷 拓磨,0,0
Henri Saivet,0,0
Yerko Leiva,1,1
Dzhoshkun Temenuzhkov,1,0
Hakan Arslan,0,0
Andrés Alexander Flores Mejía,0,0
JJ Williams,0,0
Christoffer Mafoumbi,0,0
Bojan Nastić,0,0
Utku Yuvakuran,0,0
Mauro Alessio Savastano,0,0
Josh Gordon,0,0
Jefferson Orejuela,0,0
Nico Neidhart,0,0
Ali Turan,0,0
Connor Randall,0,0
Noel Niemann,0,0
Josué Humberto Gonçalves Leal Sá,0,0
Jhon Duque,1,1
Kai Eisele,0,0
Lewis Harry Holtby,0,0
Moritz Nicolas,1,0
Unai Medina Pérez,0,0
Tomás Belmonte,2,1
Danny Breitfelder,0,0
永藤 克弥,0,0
Sheldon Bateau,0,0
Gavin Massey,0,0
Leandro Damián Marcelo Grimi,0,0
Aleksandar Katai,0,0
João Tiago Serrão Garcês,0,0
Simon Madden,0,0
Nicolás Thaller,1,1
Kristoffer Klaesson,0,0
Alfie May,0,0
Fernando Canesín Matos,0,0
Jacob Widell Zetterström,0,0
Fredrik Jensen,1,1
Bernabé Barragán Maestre,0,0
Valtteri Moren,0,0
Unai Vencedor Paris,1,1
Jonathan Rasheed,0,0
Hamari Traoré,0,0
Ali Şaşal Vural,0,0
Francisco Jesús Crespo García,1,1
Elbasan Rashani,0,0
Joseph Mendes,0,0
Zarek  Valentin,0,0
Jordan Ferri,1,0
Dagoberto Josué Pinho Parrela,0,0
Robert Ljubicic,0,0
Jack Earing,0,0
Modibo Sagnan,1,1
Ben Alnwick,0,0
Alex Fisher,0,0
Piotr Świątko,0,0
Mohamed El Hankouri,0,0
Benjamín Fernando Vidal Allendes,0,0
Ryan Cassidy,0,0
Edson Enrique Torres Ulloa,0,0
Jaime Báez,0,0
Adam Groundstroem,0,0
Vladimir Granat,0,0
Bartłomiej Żynel,0,0
Emil Damgaard,0,0
Andreas Andersson,0,0
Paulo Henrique Carneiro Filho,0,0
山村 和也,0,0
Zoumana Koné,0,0
Eduardo Aguirre,0,0
Franco Bechtholdt,0,0
Jann George,0,0
Ľubomír Tupta,1,0
Michael Sandoval,0,0
Ryan Shawcross,0,0
Sergiy Kryvtsov,1,1
Yannick Mamilonne,0,0
Josip Iličić,1,1
马兴煜,0,0
Didier Lamkel Zé,0,0
金子 大毅,0,0
Justin Bijlow,2,1
Faisal Darwish,0,0
André Almeida Pinto,1,0
Maarten Paes,0,0
Francisco Illarregui,0,0
Bruno André Freitas Monteiro,0,0
Héctor Fertoli,0,0
王军,0,0
Petar Gluhakovic,0,0
Usman Mohammed,0,0
Steeve Beusnard,0,0
宮 大樹,0,0
Alan Lithgow,0,0
Neyder Stiven Moreno Betancur,0,0
Yves Baraye,0,0
Bartosz Kwiecień,0,0
Facundo Tomás Quignón,0,0
Félix García,0,0
Fallou Diagne,0,0
Alexandre Garcia Guedes,0,0
Ángel Sánchez Baró,0,0
Fabian Sporkslede,0,0
Habib Maïga,0,1
Adis Jahović,0,0
Gaizka Toquero Pinedo,0,0
Jamie Young,0,0
Diego Martín Rodríguez Berrini,0,0
Freddy Mveng Mbezele,0,0
Matthew Connor,0,0
Kamil Drygas,0,0
Alfredo José Morelos Aviléz,2,2
Norman Theuerkauf,0,0
Gonzalo Gerardo Higuaín,2,2
Yann Boé-Kane,0,0
Abraham Majok,0,0
김현욱 金贤旭,0,0
Jean-Kévin Augustin,2,2
Kingsley Ehizibue,0,0
Slavoljub Srnic,0,0
Jannes Hoffmann,0,0
Maximiliano Núñez,0,0
Michał Mak,0,0
Leo Østigård,0,1
髙江 岭臣,0,0
増山 朝陽,0,0
João Pedro Vilardi Pinto,0,0
Branislav Niňaj,0,0
Raúl Albiol Tortajada,2,2
Patricio Daniel Toranzo,0,0
Eunan O'Kane,0,0
Stephan Lichtsteiner,1,1
Gustavo Alejandro Villarruel,0,0
Garath McCleary,0,0
Beder Caicedo,0,0
Chris Dagnall,0,0
朴成,0,0
Isak Ssewankambo,0,0
David Cawley,0,0
Orhan Ademi,0,0
Abdou Diallo,2,2
Philipp Heerwagen,0,0
Raúl Lizoáin Cruz,0,0
Oscar Krusnell,0,0
Ollie Shenton,0,0
Gbenga Arokoyo,0,0
David  Meyler,0,0
Jose Luís García Vayá,1,1
Arnaldo Edi Lopes da Silva,0,0
Rohan Ferguson,0,0
Jonas Hofmann,1,1
Konstantin Kuchaev,1,1
Ryan Tunnicliffe,0,0
Thomas Heward-Belle,0,0
Hussain Hawsawi,0,0
José Luis Sanmartín Mato,0,0
Emmanuel González Rodríguez,0,0
Joshua Bohui,1,1
Federico Arbeláez Ocampo,0,0
Seun Gun Ha,0,0
Xavier Laglais Kouassi,0,0
Pietro Iemmello,0,0
Elvis Yohan Perlaza Lara,0,0
Roberto Soriano,1,1
Donald Toia,0,0
Carlos Martínez Díaz,0,0
Segundo Víctor Ibarbo Guerrero,0,0
Gaëtan Karlen,0,0
Javier Manquillo Gaitán,1,1
Matko Perdijić,0,0
Marcel Schuhen,0,0
David Cafimipon Gomis,0,0
Moryké Fofana,0,0
Tennai Watson,0,0
Georgios Galitsios,0,0
Adrian Grbic,0,0
Ezequiel Mastrolía,0,0
Romario Benzar,0,0
Kelechi Iheanacho,2,1
Joris Kramer,0,0
Ryan Law,0,0
Volodymyr Shepelev,1,1
Blaise Matuidi,2,2
Chris Mepham,1,1
문정인 文政仁,0,0
Chad Marshall,0,0
Séga Coulibaly,0,0
Bruno Alexandre Vieira Almeida,2,2
Juan Fernando Quintero,1,1
Marco D'Alessandro,0,0
Jonas Zickert,0,0
Abdoul Ba,0,0
Federico Melchiorri,0,0
Robin Tim Becker,0,0
Lukas Fröde,0,1
Slobodan Medojević,0,0
Ken Sema,0,0
Matthew Jurman,0,0
Jacob Pepper,0,0
Tayfur Bingöl,0,0
Fin Bartels,0,0
Mario Vrančić,0,0
Francisco García Solsona,0,0
Lorenzo Enrique Reyes Vicencio,0,0
Andreas Voglsammer,0,0
Toby Sibbick,0,0
Alessandro Iacobucci,0,0
Claudio Daniel Bieler,0,0
Stefano Sturaro,1,1
Alex Král,1,1
Alberto De La Bella Madureño,0,0
Stefan Lainer,1,1
Stéphane Ruffier,2,2
Kevin Strootman,1,1
Ruben Miguel  Marques dos Santos Fernandes,0,0
Victor James Osimhen,2,1
Mamadou Coulibaly,1,1
Chris Pontius,0,0
Héctor Antonio Urrego Hurtado,0,0
Frederico R. de Paula Santos,2,1
Sebastian Bösel,0,0
Armand Traoré,0,0
Andrew Farrell,0,0
Thilo Kehrer,2,2
Sebastián Villa,1,1
Robert Tobias Eriksson,0,0
Nahuel Ferraresi,0,0
Sascha Burchert,0,0
Jorge Hernán Menosse Acosta,0,0
Bartosz Salamon,0,0
Nahuel Ignacio Guzmán,1,1
Kristoffer  Knudsen Larsen,0,0
Birkir Bjarnason,0,0
Tomáš Chorý,0,0
Kyle Howkins,0,0
Ondřej Kúdela,0,0
José Luis Mosquera Moreno,0,0
Mateusz Wdowiak,0,0
Ivan Močinić,0,0
Lucas René Olaza Catrofe,1,1
大迫 圭介,0,0
Mathias Bringaker,0,0
Jimmy Roye,0,0
Luis Alberto Romero Alconchel,2,2
Lumor Agbenyenu,1,1
Jakub Łukowski,0,0
윤동민 尹东民,0,0
Aljaž Ivačič,0,0
Allano Brendon de Souza Lima,1,1
Filip Kurto,0,0
Cengiz Ünder,2,2
Francisco José García Torres,1,1
Łukasz Trałka,0,0
Lucas Villafañez,0,0
Reinaldo Lenis Montes,0,0
차영환 茶杨焕,0,0
Dennis Hediger,0,0
Oliver Abildgaard,0,0
Carl Dickinson,0,0
Václav Kadlec,0,0
Nicolás Castillo,1,1
Alexandro Marco Craninx Joostens,0,0
Ali Hassan Al Asmari,0,0
Agustín Daniel Rossi,1,1
畠中 槙之輔,0,0
Alberto García Cabrera,0,0
Nikola Milenković,1,1
Alexandro Cavagnera,0,0
Karol Szymański,0,0
Alexander Kačaniklić,0,0
Josué Filipe Soares Pesqueira,0,0
Alex Gilbey,0,0
Sami Al Najai,0,0
Gael Bigirimana,0,0
Hysen Memolla,0,0
Trevoh Chalobah,1,1
Taxiarchis Fountas,0,0
Damien Vincent Denis Le Tallec,0,0
Junio Ricardo da Rocha,0,0
Luciano Vargas,0,0
Wylan Cyprien,2,2
Alois Höller,0,0
Roberto Kakeeto,0,0
Paul Delecroix,0,0
Salman Muwashar,0,0
김신욱 金信煜,0,0
Ibrahim Mohammed Ghaleb Jahshan,0,0
Bartosz Kopacz,0,0
Yordan Hernando Osorio Paredes,1,1
Jahmal Hector-Ingram,0,0
César Henrique Martins,0,0
Sebastian Schuppan,0,0
Juan Guillermo Arboleda Sánchez,0,0
Marco Paulo da Silva Soares,0,0
Daniel Kolář,0,0
Sean  Johnson,0,0
Roger Martínez,1,1
Marius Mouandilmadji,1,1
王刚,0,0
한용수 汉永苏,0,0
Ryan Giles,0,0
Dominik Fitz,1,1
Marcelo Brozović,2,2
Paul Farman,0,0
Michelangelo Albertazzi,0,0
髙木 俊幸,0,0
Domenico Berardi,2,2
Sam Byrne,0,0
Kasper Hämäläinen,0,0
Patrick Ebert,0,0
Andreas Hugo Hoelgebaum Pereira,2,1
David Soria Solís,2,1
Brandon Vazquez,0,0
Khanya Leshabela,0,1
Ignacio Antonio Saavedra Pino,0,0
Eddy Gnahoré,1,1
Lee Gregory,0,0
Éverton Luiz Guimarães Bilher,0,0
Ante Budimir,0,0
Lebohang Maboe,0,0
Montassar Talbi,0,0
Erik Tønne,0,0
川俣 慎一郎,0,0
Abdullah Al Fahad,0,0
Kolbeinn Sigþórsson,0,0
Jean Ruiz,1,1
Dominik Pelivan,0,0
Pedro León Sánchez Gil,1,1
Mariano González Maroto,0,0
Dante Bonfim da Costa Santos,1,1
石毛 秀樹,0,0
Isaiah Osbourne,0,0
Niccolò Giannetti,0,0
Francisco Javier Torres Zamores,0,0
Bruno González Cabrera,1,1
Álvaro José Jiménez Guerrero,1,1
Sebastián Osorio,0,0
Ronaldo Jailson Cabrais Petri,2,2
Peter Oladeji Olayinka,1,1
Daniel Powell,0,0
Leonel Rivas,0,1
Nabil Fekir,2,2
Jacob Storevik,0,0
Romário Pereira Sipião,0,0
Alejandro López Sánchez,0,0
Ícaro do Carmo Silva,0,0
Raheem Sterling,2,2
Nélson Miguel Castro Oliveira,0,0
Adaílton dos Santos da Silva,0,0
Sérgio Andrés Avellaneda Morales,0,0
Nicola Sansone,1,1
Jay Dasilva,1,1
手塚 康平,0,0
Nemanja Nikolić,0,0
池忠国,0,0
Efecan Karaca,0,0
Kortne Ford,0,0
Óscar Uriel Macías Mora,0,0
Sylvain Marveaux,0,0
Alexander Isak,2,2
Néstor Ezequiel Ortigoza,0,0
Hugo Mariano Pavone,0,0
Ricardo Jorge Vaz Té,0,0
Oussama Abdeldjelil,0,0
Florian Carstens,0,0
Kevin Andrés Agudelo Ardila,0,0
Liam Kerrigan,0,0
田中 青,0,0
刘乐,0,0
Fredrik Midtsjø,1,1
Alberto Almici,0,0
Nasser Ali Al Shamrani,0,0
Selim Gündüz,0,0
Stefan Marius Johansen,0,0
Emre Akbaba,1,1
Adama Mbengue,0,0
Hee Woong Jeong,0,0
Jaime Sánchez Muñoz,0,0
Gustav Sandberg Magnusson,0,0
Martin Spelmann,0,0
Aaron Drinan,0,0
Federico Ricca Rostagnol,1,1
Scott Tanser,0,0
朱晓刚,0,0
Eltildo Lucas Correia Pitta,1,0
Víctor Cabezas,0,0
Leandro Cabrera,0,1
Ludovic Soares,0,0
Siad Haji,1,0
Santiago Juan Gentiletti Selak,0,0
Hernán Ignacio Hechalar,0,0
Miguel San Román Ferrándiz,0,0
Gustavo Adolfo Chará Valois,0,0
Luca Cigarini,0,0
Jackson Martínez,0,0
Christian Maggio,0,0
Diego Ferney Chará Zamora,0,0
Rémy Cabella,1,1
Romain Basque,0,0
Nenad Krstičić,0,0
David Wotherspoon,0,0
Jordan Williams,0,0
Matúš Putnocký,0,0
Ângelo Pelegrinelli Neto,0,0
Anthony McMahon,0,0
Andrés Iniesta Luján,2,2
Niklas Landgraf,0,0
Bojan Jokič,0,0
José Antonio Caro Díaz,0,0
Edo Kayembe,0,1
Luka Marić,0,0
Raúl Oscar Becerra,0,0
Alexander Jakobsen,0,0
蒿俊闵,0,0
Jamie  McCombe,0,0
Ben Chilwell,2,2
Matthew Ridenton,0,0
Kévin Gnonher Boli,0,0
Luis Madrigal,0,0
Greg Cunningham,0,0
Josh Vickers,0,0
Gary Tello,0,0
Yahia Sulaiman Al Shehri,0,0
Fredrik Krogstad,0,0
Bálint Vécsei,0,0
Ben Liddle,0,0
Courtney Baker-Richardson,0,0
Thomas Touré,0,0
Sebastián Dubarbier,0,0
Abdoul-Kader Bamba,0,0
惠家康,0,0
Kevin Goden,0,0
Alex Iwobi,2,2
Morgan Ferrier,0,0
Patryk Szysz,0,0
Leandro Iván Barrera,0,0
Maximilian Rossmann,0,0
Krystian Miś,0,0
Vincenzo Fiorillo,0,0
Idir Ouali,0,0
Julian von Moos,1,2
David Mackalister Silva Mosquera,0,0
André Miguel Valente da Silva,2,2
Mark Beevers,0,0
Joaquin Verdugo,0,0
Leonardo Spinazzola,1,1
Lewis Butroid,0,0
Alexis Zapata Álvarez,0,0
Alex Arthur Rufer,0,0
Rafael Gimenes da Silva,0,0
Dimitri  Payet,2,2
Daniel Castelo Podence,2,2
Greg Docherty,1,1
郑凯木,0,0
Nicola Citro,0,0
Moritz Leitner,0,0
Carlos Augusto López Venegas,0,0
Erick Ferigra,0,0
Maximiliano Caire,0,0
Shane Daly-Bütz,0,0
Nikola Dovedan,0,0
José María Basanta,0,0
Henrique Gelain Custódio,0,0
Silas Gnaka,1,1
Connor Simpson,0,0
Joe Hardy,0,0
Justas Lasickas,0,0
Jules Keita,1,1
欧亚,0,0
Craig Alcock,0,0
Pape Moussa Konaté,1,1
Josimar Milton Moura Chissano,0,0
Ivan Rondanini,0,0
Erik Palmer-Brown,1,1
Jonas Borring,0,0
Christ Junior Tiéhi,0,0
Sam Johnstone,1,1
Julian Draxler,2,2
Brian Galach,0,0
Blair Alston,0,0
Carlos Rodolfo Rotondi,0,0
孙铂,0,0
Philipp Klingmann,0,0
Patrick Möschl,0,0
Jesper Karlström,0,0
Pedro Miguel  Salgadinho Pacheco de Melo,0,0
Brooks Lennon,0,1
Ismaël Bangoura,0,0
Aykut Özer,0,0
Jan-Arie van der Heijden,0,0
Rodrigo Ignacio Yáñez Castillo,0,0
박주호 朴柱昊,0,0
Marin Pongračić,1,2
Sofiane Diop,2,2
Tim Melia,0,0
Andrew Fleming,0,0
Aziz Eraltay Behich,0,0
David Sesay,0,0
Rene Renner,0,0
Stefan Payne,0,0
Alessio Cragno,1,2
Erik Næsbak Brenden,0,0
Fabián Alexis Viáfara Alarcón,0,0
Ben  Amos,0,0
Ivan Lapshov,1,1
Freddie Sears,0,0
Stephen Ward,0,0
Oliver Kjærgaard,0,0
Pablo Lombo Suárez,0,0
Jakob Blåbjerg,0,0
Joshua Gatt,0,0
Martin Milec,0,0
Almen Abdi,0,0
Miquel Parera Pizá,0,0
Charlie Kirk,0,0
Kaisei Ishii,0,0
Bruce Bvuma,0,0
Artem Besedin,1,1
Renaldo Lorenzo Justinho Neves,0,0
Timo Letschert,1,0
Ricardo Daniel Noir,0,0
Sofian Kiyine,1,1
Ryan Broom,0,0
Miguel Ángel Pinto Jérez,0,0
Shane Duggan,0,0
Mohammed Qassem Al Nakhli,0,0
Callum Paterson,1,1
Emmanuel Oyeleke,0,0
Leonardo Nicolás Pisculichi,0,0
Fabrício dos Santos Messias,0,0
Nicolás Vélez,0,0
Dominick Drexler,0,0
Sebastiaan Bornauw,1,1
Vasile Mogos,0,0
Ethan Horvath,1,1
Billy King,0,0
Francesco Bardi,0,0
Andy Pelmard,0,1
Carlos Pomares Rayo,0,0
Damian van Bruggen,0,0
Angelo Corsi,0,0
Rubén Enri Garcia,0,0
Levan Kharabadze,0,1
Hendrick Zuck,0,0
William Vainqueur,0,0
Koby Arthur,0,0
Mohammed Fatau,0,0
Jordan Cousins,0,0
Lucas Estella Perri,0,0
Romuald Lacazette,0,0
Tomasz Kędziora,1,1
Grant Lillard,0,0
Matías Vargas,2,2
Joshua Pérez,1,1
楠神 順平,0,0
Renan Ribeiro,1,1
Federico Gino,0,0
Sean Maguire,1,1
Breiner Paz,0,0
Maximiliano Pereira,1,1
Claudio Elías Sepúlveda Castro,0,0
José Ignacio Pallas Martínez,0,0
Manuel Marras,0,0
Jordan Rolly Botaka,0,0
Alan Ruiz,1,1
George Moncur,0,0
Guus Til,2,1
Aleksandar Miljković,0,0
Lewis Ferguson,2,2
Gary Mackay-Steven,0,0
Matej Pučko,0,0
Joe Day,0,0
Sebastian Rode,0,1
Andreas Hopmark,0,0
Shay McCartan,0,0
Vegard Bergan,0,0
Bruno Martins Indi,0,0
Adam Wilson,1,1
Pelly Ruddock Mpanzu,0,0
Jamie Crilly,0,0
Marin Jakoliš,0,0
Johannes Eggestein,2,2
Andreas Beck,0,0
Nikola Vukčević,1,1
Muhammed Kiprit,1,1
Marcelo Rivoredo,0,0
Philipp Huspek,0,0
曹赟定,0,0
Saeid Ezatolahi,1,1
Đorđe Čotra,0,0
Tiago Manuel Oliveira Mesquita,0,0
Philimon Tawiah,0,0
Jimmy Oates,0,0
Jalen Robinson,0,0
Callum Maycock,0,0
Fredrik Oldrup Jensen,0,0
Josh Ginnelly,0,0
Lévy Koffi Djidji,1,1
Davide Bochicchio,0,0
Gonzalo Cacicedo Verdú,0,0
Jan Oblak,2,2
Daniel Rebollo Franco,1,0
Hampus Finndell,0,0
Moises Hernandez,0,0
Birger Solberg Meling,0,0
Ivan Ljubić,0,0
Myles Kenlock,0,1
Benson Manuel,1,1
Shaya Ali Sharahili,0,0
Brendan Moore,0,0
Pedro Filipe Teodósio Mendes,1,1
Anthony Jackson-Hamel,0,0
Ben Godfrey,1,1
Andrew Scott,0,0
幸野 志有人,0,0
Alem  Koljic,0,0
Linus Hallenius,0,0
Musa Nyatama,0,0
Birkir Már Sævarsson,0,0
Marlon Fossey,0,0
Jon Nolan,0,0
Érico Henrique Esteves De Sousa,0,0
Conor McAleny,0,0
Maximilian Ullmann,0,0
Tobias Damsgaard,0,0
Jeff Hendrick,1,0
Ridge Munsy,0,0
Kenny Browne,0,0
Serhou Guirassy,1,1
Caio Marcelo Pinheiro da Silva,0,0
Julius Lindgren,0,0
Caleb Ekuban,0,0
Marvin Plattenhardt,1,1
Fabricio Fontanini,0,0
Richard  Duffy,0,0
Bart Ramselaar,1,1
Conor O'Malley,0,0
Carlos Alberto Alves Garcia,0,0
Mathias Ross Jensen,0,0
Juan Everton Mestres de Mesquita,1,1
Joris Gnagnon,2,2
Teófilo Gutiérrez,1,1
Raphael Koczor,0,0
Abdulrahman Al Ghamdi,0,0
Alan Browne,1,1
李海龙,0,0
Simone Missiroli,0,0
Eric Larsson,0,0
Leandro Paredes,2,2
Bassem  Srarfi,1,1
Samed Ali Kaya,0,0
Junlin Chen,0,0
镰田 翔雅,0,0
Fabien Farnolle,0,0
Jordan Larsson,0,0
Mattia Trovato,0,0
Hugo Armando Campagnaro,0,0
Nicolás Bazzana,0,0
이석현 李硕贤,0,0
Josué Misael Domínguez González,0,0
Filippo De Col,0,0
Matt Miazga,1,1
Mamadou Fall,0,0
Ronaldo  Aparecido Rodrigues,2,2
Mattéo Tramoni,0,0
James Sands,1,0
Tom Field,0,0
Nasser Al Dawsari,1,1
Jure Balkovec,0,0
Hamza Choudhury,1,1
Rafael Czichos,0,0
Billy Dennehy,0,0
Tobias Fleckstein,0,0
Haris Cirak,0,0
宮原 和也,0,0
Raghid Al Najjar,0,0
Petr Ševčík,1,1
Julián Álvarez,1,1
张翀,0,0
José Ángel Jurado de la Torre,0,0
Santiago Montoya,0,0
Christian Clemens,0,0
유준수 刘俊树,0,0
Oswaldo Augusto Vizcarrondo Araújo,0,0
Noah Awassi,0,0
Kari Arkivuo,0,0
Jack Bonham,0,0
José Carlos Coentrão Marafona,0,0
Mehdi Merghem,0,0
Martín Galmarini,0,0
Ânderson Miguel da Silva,0,0
Pāvels Šteinbors,0,0
Zlatko Janjić,0,0
Joris Kayembe,0,0
Luciano Vietto,1,1
Florian Miguel,0,0
Zakaria Grich,0,0
Ruan Ribeiro Teles,0,0
Julius Reinhardt,0,0
Fawaz Mohammed Fallatah,0,0
Bernardo Fernandes da Silva Junior,1,1
Arnau Mañé Gabarró,0,0
Djené Dakonam Ortega,1,1
Francisco Mérida Pérez,0,0
Axel Sjöberg,0,0
Ianis Hagi,1,2
Jack Robinson,0,0
Julian Jeanvier,1,0
Riccardo Fiamozzi,0,0
Raimundo Rebolledo,0,0
Bojan Krkić Pérez,0,0
César Azpilicueta Tanco,2,2
Mohammed Al Saiari,0,0
Oleksandr Zinchenko,1,2
Yoann Etienne,0,0
Jonny Howson,0,0
皆川 佑介,0,0
Sílvio Manuel Azevedo Ferreira Sá Pereira,0,0
Leo Štulac,0,1
Jerry Yates,0,0
Carlos Enrique Rentería Olaya,0,0
Sean Klaiber,0,0
Mikkel Kallesøe,0,0
Paweł Sokół,0,0
Darijo Srna,1,1
Miguel Ângelo Vieira Tavares,0,0
Théo Pellenard,0,0
Mattia Bani,0,0
Louis Yamaguchi,0,0
Elliott Whitehouse,0,0
Josué Durval Chiamulera Vaz,2,2
丹野 研太,0,0
Ángel Montoro Sánchez,0,0
이종성 李忠成,0,0
Diogo Filipe Rocha Costa,1,0
Callan Elliot,0,0
西 大伍,0,0
Eddie Clarke,0,0
Dennis Kempe,0,0
Makhtar Gueye,0,0
Olufela Olomola,0,0
Norman Quindt,0,0
Fágner Ironi Daponte,0,0
Piotr Leciejewski,0,0
Emanuel Insúa,0,0
Nathan Raphael Pelae Cardoso,0,0
Pedro Leonardo Gonçalves Mateus,0,0
Reto Ziegler,0,0
Stipe Perica,1,1
Yuki Ohashi,0,0
Ivan Rakitić,2,2
Jacob Butterfield,0,0
Dilan Qela,0,0
Stephan Salger,0,0
Jóan Símun Edmundsson,0,0
Juan Guillermo Ochoa Tamayo,0,0
Jurre Vreman,0,0
Bojan Čečarić,0,0
David Ochoa,0,0
David Matías Barbona,0,0
Edward Upson,0,0
Martín Benítez,1,1
Tyler  Blackett,0,0
Marwan Al Haidari,0,0
沖 悠哉,0,0
Alexander Nandzik,0,0
Claudio Andrés Bravo Muñoz,1,1
Yousef Al Shammari,0,0
Yéiler Góez,0,0
Ollie Norburn,0,0
Evelio Cardozo,1,1
Jonas Brendieck,0,0
Rubén Duarte Sánchez,1,1
Oliver Lund,0,0
Nicolás Leguizamón,1,0
Liam Bridcutt,0,0
Mouhamadou Dabo,0,0
James Kellermann,0,0
Francisco Sol Ortiz,1,0
Romain Perraud,0,1
Michael  Dawson,0,0
刘宇,0,0
Antonios Papadopoulos,0,0
Franco Sbuttoni,0,0
Willem Janssen,0,0
Philipp Zulechner,0,0
Miguel Rodrigues,0,0
Enrique García Martínez,1,1
Brandon Baiye,1,1
Jimmy Dunne,1,1
Daniel Lopes Amora,0,0
Nathan Aké,2,2
Jeff Caldwell,0,0
Gerard Deulofeu Lázaro,2,1
Douglas Costa de Souza,2,2
Oliver Kragl,0,0
Lewis Gibson,1,1
El-Hadji Ba,0,0
Gelson Dany Batalha Martins,2,2
Davy Klaassen,1,1
Ubong Moses Ekpai,0,0
Álvaro Hernáiz Perera,0,0
Alexander Juel Andersen,0,0
Boštjan Cesar,0,0
Igor Denisov,1,1
Massimo  Luongo,0,0
Lukas Watkowiak,0,0
Lucas  Pezzini Leiva,2,2
Muslim Al Furayj,0,0
Anselmo Túlio Marques Barni,0,0
Renato Ribeiro Calixto Aguiar,0,0
Carlos Julio Robles Rocha,0,0
Alpay Çelebi,0,0
Domagoj Antolić,0,0
槙野 智章,0,0
Gergő Lovrencsics,0,0
Scott Bain,0,0
Hiram Boateng,0,0
Rijad Bajić,0,0
Jordan Hallam,0,0
Adrián Ortolá Vañó,0,0
Gonçalo Bento Soares Cardoso,1,1
Stephan Maigaard Andersen,0,0
刘斌,0,0
Josh Maja,1,2
Marcus Rohdén,0,0
Jordan Gibson,0,0
Christian Schwegler,0,0
Lindon Selahi,0,0
Robert Klaasen,0,0
Sergiy Rybalka,0,0
Jan-Ingwer Callsen-Bracker,0,0
Marcus Dewhurst,0,1
Damil Dankerlui,0,0
Rubén Salvador Pérez del Mármol,0,0
Carlos Valverde Doblado,0,0
Nicolás Hernández,0,0
Jalil Elías,1,1
長泽 骏,0,0
Marian Prinz,0,0
Mario Suárez Mata,0,0
Jake Doyle-Hayes,0,0
Nicola Rigoni,0,0
Rick Dekker,0,0
Till Cissokho,0,1
André Filipe Coelho Pereira,1,1
Aleksandar Pešić,0,0
Giovanny León,0,0
Brayan Damián Lucumí Lucumí,0,0
Omar Mohammed Muzayil,0,0
Luke DeVere,0,0
Gabriel Armando de Abreu,1,2
韩轩,0,0
Pierre Bouby,0,0
Guillaume Buon,0,0
Fraser Forster,0,0
森 島司,0,0
Joaquim Araújo Delgado,0,0
Bernardo José Espinosa Zúñiga,1,1
Ryan Thomas,1,1
Denis Jovan Mena Zapata,0,0
Andriy Pyatov,1,1
Johnny Russell,0,0
Leon Schneider,0,0
Tino Schmidt,0,0
Oliver Fink,0,0
Aiden McGeady,0,0
David Gil Mohedano,0,0
Pascal Stenzel,1,1
Leandro Putaro,0,0
Craig Bryson,0,0
Callum Connolly,1,1
David García Zubiria,0,0
Lazar  Marković,1,0
Aleksandr Kolomeytsev,0,0
Samuel Gigot,1,1
Anton Mitryushkin,1,1
Nedeljko Malić,0,0
Ferdi Erenay Kadıoğlu,1,1
Jens Teunckens,0,0
Maurice Exslager,0,0
Ollie Battersby,0,0
张卫,0,0
Pablo Ramón Parra,1,1
Jesús Jiménez Núñez,0,0
Moses Daddy Simon,1,1
Kevin Ellison,0,0
Luís Manuel Arantes Maximiano,1,1
Leonard Zuta,0,0
Jasmin Fejzić,0,0
Dylan Fontani,0,0
Donald Love,0,0
Casper Øyvann,0,0
Gabriel Resende Brazão,0,1
Esteban Salles,0,0
Cathal Farren,0,0
Miguel Ángel Merentiel Serrano,0,0
Robin Kehr,0,0
Erik Marxen,0,0
Conor Sammon,0,0
Martín Aguirregabiria,1,1
Yuta Higuchi,0,0
Muteb Al Hamad,0,0
Joe Worrall,1,1
Jorge Filipe Avelino Teixeira,0,0
Dawid Pakulski,0,0
Fabio Enrique Castillo Choco,0,0
Nélson Alexandre Farpelha Estrela,0,0
Roberto Canella Suárez,0,0
David Guzman,0,0
Neil Etheridge,0,0
Alberto Perea Correoso,0,0
Ahmed Eissa  El Mohamady Abdel Fattah,0,0
Pedro Miguel Martins Santos,0,0
Giampaolo Pazzini,0,0
Johannes Geis,1,1
Misael Cubillos,0,0
Louis D'Arrigo,0,0
Adil Taoui,1,0
Nilson Loyola,0,0
David Button,0,0
Christoph Zimmermann,0,0
박정수 朴钟洙,0,0
Luis Argudo,0,0
Martin Terrier,2,2
Oliver Burke,1,1
Roger Brugué Ayguade,0,0
Diego Campos,0,0
Ignacio Andrés Cacheiro,0,0
Diafra Sakho,0,0
Federico Peluso,0,0
Patson Daka,2,2
Lee Camp,0,0
Mads Larsen,0,0
Kalle Björklund,0,0
Sandro Ranieri Guimarães Cordeiro,0,0
Pep Biel Mas Jaume,0,0
Bernard Tekpetey,1,1
Rey Manaj,1,1
Nasser Al Omran,0,0
윤빛가람 尹光河,0,0
Mehdi Lacen,0,0
西本 雅崇,0,0
Kristoffer Nordfeldt,0,0
Cameron Yates,0,0
Betsiel Hernández,0,0
Sergey Chernik,0,0
Pablo Hervías Rubio,0,0
Daniel Castro,0,0
Tim Skarke,0,0
Axel Tuanzebe,1,2
Rakan Saleh Al Hafizi,0,0
张池明,0,0
Fabian Schönheim,0,0
Nicolás Gabriel Sánchez,0,0
Emanuel Joel Amoroso,0,0
Dominic Poleon,0,0
Espen Hammer Berger,0,0
Markel Bergara Larrañaga,0,0
Lucas Perrin,0,0
Kwang Ryong Pak,0,0
Cristian Martinez,0,0
João Gervásio Bragança Moutinho,1,1
David McGoldrick,0,0
东庆 悟,0,0
Christian Dobnik,0,0
Mauro Caballero,0,0
Sander Svendsen,0,0
Isaac Becerra Alguacil,0,0
Jorgino Silas Ruiz Prestes,0,0
Diego Hernán Váleri,1,1
Ricard Puig Martí,2,2
Dodi Lukebakio,2,1
Francisco Santos Júnior,0,0
林 瑞輝,0,0
Eliaquim Mangala,1,1
Jessé Jonas Ferdeira Farias,0,0
Edin Cocalić,0,0
Himad Abdelli,1,0
정선호 郑顺浩,0,0
Joaquín Pereyra,0,1
Ramon Ginés Arias Quinteros,0,0
Amin Soleiman Askar,0,0
Antonio Campillo Medina,0,0
양상민 梁相珉,0,0
Robert Tesche,0,0
于大宝,0,0
Manfred Osei Kwadwo,0,0
Sikou Niakaté,1,1
Pedro Filipe Figueiredo Rodrigues,1,1
Gonzalo Alejandro Jara Reyes,0,0
Luca Clemenza,0,0
Héctor Acosta Quintero,0,0
Nils Quaschner,0,0
Hans Martínez,0,0
Shaun MacDonald,0,0
Jérémy Huyghebaert,0,0
Loïc Jacot,0,0
Pedro López Rodríguez,0,0
Nick Rimando,0,0
Alessandro Bordin,0,0
Jasmin Sudić,0,0
Mikael Lustig,0,0
Khalid Ahmed Al Ghamdi,0,0
Michael Brouwer,0,0
Kastriot Dermaku,0,0
Hugo Cerqueira Pinto Basto,0,0
Leon Guwara,1,1
Clément Chantôme,0,0
Panagiotis Tachtsidis,0,0
김용욱 金永旭,0,0
Kelvin Mellor,0,0
Jose Carlos Bizama Venegas,0,0
Leon Bürger,0,0
Camilo Andrés Vargas Gil,1,1
Adama Valentin Diomande,0,0
Aldo Kalulu Kyatengwa,1,1
Mateo Giraldo,0,0
Fabian Benko,1,0
茂木 秀,0,0
Marius Bustgaard Larsen,0,0
Elton Acolatse,0,0
Aurélien Tchouaméni,2,2
Emmanuel Idem,0,0
Harry Pritchard,0,0
Roger Krug Guedes,1,1
Stefan Pino,0,0
Justin Haak,0,0
Philipp Wiesinger,0,0
Diego Laxalt,1,1
Johannes Bühler,0,0
Callum Roberts,0,0
Thorsten Schick,0,0
Nawaf Al Farshan,0,0
Luiz Phellype Luciano Silva,1,1
Jesús Imaz Ballesté,0,0
Stefan de Vrij,2,2
Cédric Kipré,1,1
Jordan Thompson,0,0
Leandro de Lima Silva,0,0
Felix Örn Fridriksson,0,0
Andrés Martín García,1,1
Filippo Perucchini,0,0
Tyreke Johnson,0,0
Maximilian Wöber,1,1
Justin Meram,0,0
Zac Jones,0,0
Alberto Paleari,0,0
Christian Atsu,0,0
Casper Højer Nielsen,0,0
Daniel Cataño,0,0
Karol Angielski,0,0
Aleksander Foosnæs,0,0
Niclas Füllkrug,1,1
Jan Hurtado,2,1
Barrie McKay,0,0
Kevin Bonifazi,1,1
Steven Zuber,0,1
